employee_id,gender,age,department,work_model,sleep_hours,work_hours_per_day,meeting_hours_per_day,breaks_per_day,distractions_per_hour,years_experience,remote_tenure,job_level,team_size,tasks_completed_per_week,avg_response_time_minutes,project_delivery_rate,system_engagement_rate,productivity_index,work_life_balance_ratio,performance_rating,turnover_risk
E001,Male,45,HR,Remote,5.67,7.59,3.22,3.3,3.8,0.0,2.2,1,14,52,35.3,83.1,71.4,72.3,0.75,68.1,0.413
E002,Nonbinary,35,Support,Hybrid,7.75,6.68,2.3,6.0,4.64,9.5,4.4,2,6,44,14.8,81.0,71.5,74.1,1.16,70.1,0.321
E003,Female,40,Marketing,Remote,6.45,7.88,1.6,1.5,2.3,5.8,4.3,2,8,26,16.0,78.3,77.7,59.9,0.82,58.6,0.455
E004,Female,32,Support,Remote,7.16,9.95,2.91,4.1,3.16,7.7,4.2,2,10,45,13.0,92.5,83.0,80.7,0.72,62.8,0.329
E005,Male,38,IT,Hybrid,6.57,5.86,2.59,3.4,1.42,5.9,3.1,2,9,41,20.9,95.0,55.2,69.8,1.12,64.7,0.39
E006,Male,34,HR,Hybrid,6.31,7.26,1.83,6.2,2.27,9.7,3.3,2,17,23,6.4,84.2,51.2,54.7,0.87,56.5,0.427
E007,Male,36,Marketing,Remote,8.67,8.35,1.49,4.9,3.46,6.2,3.5,2,7,58,30.2,74.0,95.4,77.5,1.04,66.9,0.407
E008,Female,40,IT,Hybrid,7.92,7.45,2.99,3.1,1.0,1.7,1.7,2,17,56,14.0,100.0,80.6,82.1,1.06,68.5,0.252
E009,Female,28,Support,On-site,5.13,7.87,3.16,5.3,2.24,7.4,5.9,2,7,23,11.8,76.2,66.7,61.6,0.65,66.0,0.482
E010,Female,52,IT,Remote,5.03,7.89,2.07,3.4,1.89,5.9,5.7,2,15,30,22.8,70.4,70.3,55.0,0.64,61.7,0.53
E011,Male,27,HR,Hybrid,8.04,8.19,1.8,5.5,3.17,6.6,4.6,3,2,32,7.9,64.9,64.1,61.4,0.98,60.6,0.245
E012,Nonbinary,25,Operations,Hybrid,6.48,7.62,1.5,3.6,3.69,0.0,2.1,2,10,49,20.8,86.0,73.2,71.1,0.85,59.7,0.343
E013,Female,44,IT,Remote,5.35,7.53,2.96,5.6,3.89,10.4,4.1,3,14,47,26.2,82.8,55.4,69.5,0.71,69.0,0.452
E014,Male,41,IT,Remote,8.05,9.62,1.54,4.7,4.2,5.4,5.0,3,20,41,13.1,95.3,82.6,76.9,0.84,82.7,0.188
E015,Male,40,Support,Remote,7.17,9.76,5.19,8.0,4.65,0.3,0.6,2,18,44,31.4,91.1,72.6,72.0,0.73,72.5,0.512
E016,Male,40,Support,Hybrid,7.25,6.84,2.01,3.9,3.73,11.6,6.4,3,12,21,20.2,87.9,73.2,60.2,1.06,58.4,0.27
E017,Male,35,Marketing,On-site,7.81,5.19,0.0,4.6,5.26,10.2,0.0,3,9,46,20.3,82.3,56.6,65.0,1.51,58.8,0.333
E018,Female,28,Support,Hybrid,5.69,9.78,2.46,3.3,3.14,5.4,4.4,3,6,38,25.9,96.1,77.9,72.9,0.58,60.9,0.401
E019,Male,36,Finance,Remote,5.37,7.03,2.41,4.0,2.79,1.2,5.9,2,11,30,28.0,100.0,56.9,68.1,0.76,59.8,0.445
E020,Male,30,HR,Hybrid,8.58,8.76,3.83,0.0,3.73,7.9,2.8,3,8,17,17.1,95.1,59.6,56.4,0.98,64.9,0.328
E021,Female,43,HR,Remote,5.56,6.62,2.85,4.7,2.74,7.6,2.7,2,11,40,21.4,80.4,71.3,64.5,0.84,61.1,0.467
E022,Male,34,Operations,Remote,5.78,10.06,1.5,6.0,5.22,11.6,4.3,3,5,45,26.2,92.8,100.0,78.5,0.57,70.5,0.345
E023,Male,28,Operations,Remote,5.98,11.55,2.16,4.6,4.36,4.8,6.7,2,10,14,5.7,81.0,72.6,57.0,0.52,66.4,0.372
E024,Male,32,HR,Hybrid,9.08,8.72,2.89,2.0,3.9,13.0,2.4,4,15,40,1.2,73.9,31.5,62.6,1.04,70.1,0.268
E025,Female,38,Operations,Remote,7.49,8.39,0.0,2.8,3.16,4.3,1.4,3,3,42,14.5,76.0,60.4,67.7,0.89,55.5,0.409
E026,Female,30,Marketing,Hybrid,7.97,8.11,4.11,0.4,2.51,0.3,2.2,2,10,32,1.0,81.4,80.3,66.2,0.98,69.3,0.351
E027,Male,28,Support,Remote,7.2,9.44,1.5,5.5,3.84,1.3,0.0,3,2,46,12.5,86.0,53.1,72.0,0.76,69.5,0.35
E028,Female,37,HR,Remote,6.4,9.18,4.2,2.5,1.65,6.7,4.8,2,11,38,17.5,100.0,82.5,72.5,0.7,74.6,0.403
E029,Female,37,Operations,Remote,7.63,9.7,2.97,4.0,4.84,6.7,2.0,2,11,44,12.8,76.2,72.4,68.7,0.79,63.1,0.354
E030,Male,31,HR,Remote,5.44,7.75,3.26,3.8,2.79,8.6,2.6,2,4,48,13.9,98.2,84.9,82.5,0.7,77.2,0.398
E031,Female,31,Finance,On-site,5.9,8.91,3.88,6.2,3.37,6.5,4.8,2,7,48,7.0,81.8,61.6,65.9,0.66,56.7,0.438
E032,Male,37,IT,Remote,7.73,7.85,3.19,4.1,1.91,11.9,2.2,3,7,55,21.3,64.8,60.4,70.5,0.99,70.3,0.335
E033,Male,23,Support,Hybrid,5.64,7.23,3.31,5.2,3.87,5.7,4.5,2,3,45,6.5,79.9,78.5,75.9,0.78,65.8,0.409
E034,Nonbinary,24,HR,Remote,6.81,8.45,2.3,4.8,2.46,0.0,0.9,2,19,33,1.0,96.8,69.9,70.4,0.81,65.0,0.429
E035,Nonbinary,29,IT,Hybrid,6.86,7.39,2.95,6.0,3.78,6.4,4.9,3,3,30,13.3,88.4,69.0,68.7,0.93,63.8,0.326
E036,Female,33,Operations,Remote,6.47,9.91,1.8,3.6,3.91,0.0,3.7,2,13,24,22.3,89.0,93.5,60.8,0.65,68.8,0.427
E037,Male,38,IT,Hybrid,5.05,7.47,2.09,6.8,2.22,8.4,2.8,3,6,42,15.6,98.3,79.1,73.4,0.68,69.9,0.317
E038,Male,47,Support,Hybrid,6.37,8.94,4.86,1.0,1.65,12.3,3.3,3,8,60,5.7,74.6,40.2,72.9,0.71,76.4,0.307
E039,Female,42,HR,Remote,6.18,7.78,1.53,5.3,4.84,2.1,0.4,2,17,35,15.8,74.5,82.0,67.5,0.79,62.2,0.475
E040,Male,34,Finance,Remote,7.16,8.83,2.69,2.7,2.77,14.1,3.2,2,2,47,18.5,62.4,80.5,61.2,0.81,58.2,0.449
E041,Male,35,Operations,Hybrid,7.11,7.87,2.64,3.3,3.27,11.2,2.7,3,2,29,15.7,93.8,87.8,73.0,0.9,68.5,0.33
E042,Female,27,HR,On-site,7.38,6.99,2.13,4.9,3.58,13.0,0.5,3,18,43,12.9,90.6,55.9,70.7,1.06,69.9,0.39
E043,Male,35,Support,Remote,6.32,9.08,3.12,4.8,1.5,7.9,1.7,3,2,59,18.9,92.2,74.9,82.7,0.7,75.6,0.362
E044,Nonbinary,33,Operations,Hybrid,7.52,8.22,3.21,4.9,3.56,2.0,2.7,2,14,50,1.1,73.2,71.7,75.6,0.92,71.3,0.39
E045,Male,38,Marketing,On-site,5.44,8.84,1.39,1.9,3.12,10.9,1.8,3,10,16,7.8,69.0,55.6,53.4,0.62,57.4,0.456
E046,Female,28,IT,Hybrid,5.18,7.99,2.62,6.2,2.23,3.9,0.0,3,16,49,4.6,71.8,84.2,71.5,0.65,63.8,0.434
E047,Male,39,Support,On-site,4.66,6.91,1.2,2.6,1.61,7.6,5.2,1,4,49,25.8,75.8,66.4,72.6,0.68,62.0,0.596
E048,Female,47,Marketing,Hybrid,6.5,9.8,3.45,2.8,3.73,6.1,2.7,2,15,43,20.7,100.0,87.3,74.3,0.66,66.2,0.385
E049,Female,34,HR,Remote,6.25,9.38,2.71,5.0,4.35,12.6,0.0,4,12,50,16.5,95.0,58.9,73.9,0.67,68.4,0.35
E050,Male,38,Finance,Remote,7.79,7.82,2.6,3.6,3.21,10.7,7.3,4,13,28,3.4,80.4,48.1,64.6,1.0,73.2,0.246
E051,Nonbinary,40,Operations,Remote,6.35,8.58,3.29,4.5,1.28,6.6,5.5,2,14,41,21.0,88.0,66.4,69.8,0.74,65.0,0.392
E052,Female,32,IT,Hybrid,7.27,9.75,2.17,0.8,1.73,0.0,2.3,1,14,57,26.1,78.2,73.5,78.0,0.75,63.5,0.445
E053,Nonbinary,37,Operations,Hybrid,7.81,7.95,3.6,4.4,2.48,3.8,1.3,3,2,55,19.6,88.6,62.0,76.3,0.98,66.5,0.323
E054,Female,35,HR,Remote,6.31,8.14,1.36,4.3,4.88,10.5,3.8,3,11,48,14.7,73.6,30.0,64.3,0.78,63.3,0.325
E055,Female,36,Operations,Hybrid,7.3,8.79,4.19,3.2,2.7,8.4,3.4,3,4,27,20.1,92.5,75.8,65.5,0.83,69.3,0.359
E056,Nonbinary,29,IT,Hybrid,8.0,7.95,1.84,0.9,2.44,0.0,4.1,1,5,24,17.2,76.5,75.7,57.9,1.01,54.3,0.463
E057,Male,35,HR,Remote,5.76,9.53,0.46,3.7,0.99,0.0,1.3,1,17,42,22.4,93.1,80.3,70.5,0.6,66.4,0.477
E058,Male,39,Operations,Remote,7.02,8.3,2.11,3.9,2.21,8.0,5.2,3,9,43,22.2,80.7,64.3,70.1,0.85,73.9,0.365
E059,Male,47,Finance,Remote,6.32,7.56,1.97,3.4,1.52,1.7,2.1,2,17,38,13.2,77.1,63.5,71.6,0.84,61.0,0.433
E060,Male,43,Support,Remote,5.83,9.23,2.1,1.2,1.8,2.2,4.4,2,18,28,9.7,100.0,91.6,70.4,0.63,67.7,0.491
E061,Male,52,HR,Remote,5.46,7.13,2.78,6.4,3.14,10.4,1.4,2,20,47,11.8,86.8,46.4,68.7,0.77,73.3,0.36
E062,Male,29,Support,Remote,5.81,10.92,3.82,3.0,2.52,13.0,8.3,3,16,42,19.3,81.8,66.3,67.7,0.53,76.3,0.271
E063,Female,42,HR,Remote,7.06,10.4,2.27,3.7,5.04,3.2,4.4,1,17,44,12.3,92.6,72.1,76.2,0.68,65.2,0.434
E064,Male,36,Finance,Remote,5.39,9.12,1.67,0.4,4.29,6.8,8.8,2,16,49,9.0,71.6,79.1,72.8,0.59,59.3,0.326
E065,Male,52,Support,Remote,6.45,9.02,1.15,6.4,2.27,6.6,4.7,2,3,36,15.0,96.1,72.5,74.6,0.72,72.6,0.418
E066,Female,28,Marketing,Remote,7.81,8.96,1.94,3.3,1.9,6.2,1.9,2,12,33,23.9,83.6,56.2,64.3,0.87,62.8,0.334
E067,Male,28,IT,Hybrid,7.45,7.91,0.23,4.1,4.66,7.2,4.7,3,2,57,16.1,91.0,87.5,77.8,0.94,76.8,0.239
E068,Female,30,Marketing,Remote,6.47,8.86,1.63,5.7,4.99,10.8,4.8,2,16,29,12.8,69.5,70.0,58.1,0.73,64.2,0.449
E069,Male,21,Operations,On-site,8.69,7.39,3.99,3.0,0.37,3.6,3.7,3,20,33,17.6,81.2,45.0,57.7,1.18,59.1,0.328
E070,Nonbinary,31,Finance,On-site,8.89,9.1,1.51,5.4,3.11,0.0,4.3,2,5,58,15.7,85.0,73.1,82.4,0.98,76.1,0.271
E071,Female,29,Marketing,Remote,7.03,9.54,3.25,0.9,2.7,15.5,4.5,3,12,32,1.0,95.3,77.1,66.0,0.74,71.2,0.215
E072,Male,36,HR,Remote,4.53,8.05,1.03,4.8,3.78,12.4,1.0,4,6,38,20.6,91.8,99.4,68.8,0.56,71.9,0.387
E073,Male,38,Operations,Remote,7.89,7.79,4.63,6.4,5.33,1.5,0.9,1,4,34,18.3,81.1,76.1,63.7,1.01,55.0,0.503
E074,Female,50,Operations,Remote,4.71,7.05,4.71,3.1,2.42,7.7,1.4,3,14,13,15.1,88.2,47.8,56.5,0.67,62.3,0.514
E075,Female,43,Marketing,Hybrid,8.48,10.25,3.21,5.7,0.53,12.1,3.3,3,11,38,23.5,97.6,48.3,66.9,0.83,63.2,0.293
E076,Female,30,Marketing,Remote,8.08,7.88,4.89,6.8,3.69,10.7,2.6,4,12,25,24.7,83.0,88.9,60.2,1.03,57.8,0.225
E077,Female,28,Finance,Remote,8.77,8.26,2.93,3.6,4.67,9.3,1.0,3,19,44,21.4,81.9,58.0,67.0,1.06,74.9,0.297
E078,Male,39,IT,Remote,7.26,8.86,3.42,3.5,2.64,6.1,4.6,2,3,57,8.2,66.1,46.8,71.7,0.82,56.8,0.421
E079,Male,24,Marketing,Remote,6.64,8.84,4.01,2.7,2.15,15.6,3.6,4,8,10,8.5,82.2,85.0,52.8,0.75,63.3,0.345
E080,Male,50,Marketing,Hybrid,6.55,9.4,2.72,3.2,2.48,8.1,3.3,3,10,34,23.9,67.6,62.9,55.9,0.7,61.1,0.46
E081,Female,44,Support,Remote,6.45,8.04,0.64,2.8,4.02,4.4,2.5,2,11,47,1.0,83.9,84.2,81.8,0.8,85.8,0.321
E082,Female,31,HR,Remote,7.98,7.13,3.45,2.7,2.45,11.4,2.2,2,19,10,13.8,94.9,56.3,57.5,1.12,67.2,0.357
E083,Male,21,Support,Remote,7.71,6.92,1.93,5.8,3.39,7.5,1.3,3,8,60,18.5,63.8,92.1,77.0,1.11,68.4,0.31
E084,Male,46,Support,On-site,7.12,7.8,2.02,2.8,3.03,8.7,4.9,2,8,46,1.0,97.3,83.1,80.3,0.91,79.1,0.235
E085,Male,34,Operations,Remote,6.28,7.36,2.86,4.4,2.91,8.0,1.6,3,4,56,16.9,81.7,59.2,74.8,0.85,75.5,0.36
E086,Male,45,IT,Remote,9.63,8.14,3.18,4.1,3.84,9.5,3.4,3,13,32,22.6,84.7,45.1,62.5,1.18,66.7,0.323
E087,Female,22,HR,Hybrid,7.91,10.07,2.68,6.2,2.43,2.1,6.3,3,8,33,3.1,80.0,100.0,72.2,0.79,64.8,0.355
E088,Female,30,Finance,Remote,5.4,8.05,3.26,3.2,2.48,0.0,2.3,1,18,38,28.3,67.9,66.8,62.7,0.67,61.3,0.426
E089,Female,35,Finance,On-site,6.48,8.05,1.65,4.6,3.96,14.2,4.9,3,2,72,6.9,77.2,58.6,83.3,0.81,75.8,0.295
E090,Female,35,Marketing,Hybrid,7.93,8.48,2.45,5.2,1.82,8.2,4.1,2,6,60,19.6,100.0,90.8,87.9,0.94,72.1,0.406
E091,Male,31,Marketing,Hybrid,6.2,8.01,3.52,6.2,1.94,10.9,3.6,2,17,42,14.3,74.0,84.2,61.4,0.77,55.8,0.43
E092,Female,40,Finance,Hybrid,7.35,8.42,4.63,3.2,1.49,0.0,3.9,2,16,44,15.6,69.1,87.7,71.0,0.87,61.0,0.464
E093,Female,26,Marketing,On-site,7.95,9.15,5.05,3.1,4.02,12.3,2.8,3,3,50,4.7,86.4,68.5,75.3,0.87,75.9,0.271
E094,Female,34,IT,On-site,4.0,9.56,3.02,2.4,2.87,4.4,3.1,3,10,76,25.1,84.1,98.2,89.6,0.42,79.9,0.385
E095,Female,36,Support,Hybrid,6.89,9.7,3.51,7.4,1.42,3.0,1.9,2,8,46,17.6,81.8,50.3,67.0,0.71,66.9,0.372
E096,Female,39,Marketing,Hybrid,6.93,10.97,4.88,6.1,4.02,6.7,3.1,3,5,41,28.0,85.1,61.7,62.5,0.63,62.8,0.37
E097,Female,41,Operations,Remote,6.59,9.18,1.69,3.9,2.33,2.1,1.8,3,19,35,4.9,91.4,75.8,72.5,0.72,74.9,0.33
E098,Male,26,Marketing,Remote,7.3,11.18,3.26,6.9,1.95,7.0,5.0,3,5,44,13.6,79.1,87.5,67.0,0.65,65.9,0.288
E099,Male,23,HR,Remote,7.66,7.57,3.42,3.8,2.77,6.3,0.0,1,14,31,16.7,86.9,79.9,65.1,1.01,59.2,0.464
E100,Male,45,IT,Remote,7.14,11.01,4.24,5.1,4.77,12.3,4.0,3,2,47,15.5,95.2,68.8,73.6,0.65,67.2,0.205
E101,Male,38,HR,Remote,6.63,8.04,1.14,4.0,2.53,14.6,3.7,4,4,18,20.3,75.0,62.9,53.5,0.82,67.4,0.259
E102,Female,29,HR,Remote,7.63,8.16,1.37,4.6,3.69,14.4,3.5,3,17,36,13.4,61.8,87.6,65.0,0.94,53.8,0.409
E103,Male,47,Operations,Remote,7.05,8.36,2.53,4.4,3.87,0.0,5.0,2,5,51,32.0,91.7,81.5,73.3,0.84,64.2,0.452
E104,Female,36,IT,Hybrid,6.77,8.24,2.95,3.4,3.53,2.3,2.4,2,17,46,15.3,100.0,56.9,76.3,0.82,86.9,0.312
E105,Nonbinary,44,IT,On-site,5.69,8.6,3.85,5.6,4.53,0.0,3.5,2,20,33,1.0,84.9,56.4,69.7,0.66,69.0,0.339
E106,Male,36,IT,Remote,5.44,7.8,3.12,5.1,2.15,1.0,0.0,1,2,36,15.7,87.0,61.8,65.6,0.7,62.3,0.546
E107,Male,52,IT,Remote,5.67,9.5,2.32,5.5,1.75,3.8,2.2,3,6,56,25.1,82.0,59.9,71.6,0.6,56.9,0.365
E108,Female,49,IT,Hybrid,7.28,7.84,3.0,4.5,1.72,9.1,4.7,3,20,22,7.6,100.0,85.4,72.1,0.93,82.5,0.276
E109,Male,33,Operations,Remote,6.92,9.29,2.86,2.6,2.83,4.4,0.3,2,12,22,7.1,84.2,76.5,62.2,0.75,70.2,0.318
E110,Male,43,Marketing,Hybrid,5.52,10.33,4.59,6.6,1.86,4.5,3.3,2,14,26,8.3,83.1,78.4,65.7,0.53,68.9,0.38
E111,Male,40,HR,Remote,7.65,8.07,2.7,3.6,3.18,7.9,1.6,2,6,40,6.4,94.1,72.9,75.7,0.95,74.6,0.279
E112,Male,46,IT,Remote,8.37,9.45,2.04,4.5,3.09,0.0,2.8,2,5,20,11.2,80.2,73.6,55.4,0.89,59.9,0.396
E113,Nonbinary,27,Marketing,On-site,6.4,9.17,3.04,5.0,4.22,2.8,1.8,2,5,54,22.3,72.2,46.3,66.7,0.7,60.1,0.427
E114,Female,40,Marketing,Remote,5.26,11.2,2.74,4.5,3.35,4.5,0.5,3,5,26,27.2,93.8,81.9,65.1,0.47,59.6,0.449
E115,Female,44,HR,Hybrid,6.29,7.89,0.61,5.4,2.5,6.0,3.8,2,5,43,1.0,79.1,61.5,65.2,0.8,71.0,0.378
E116,Female,21,Operations,Hybrid,7.85,9.45,2.48,5.6,3.49,7.4,2.9,1,19,31,12.0,75.2,69.5,62.2,0.83,62.8,0.362
E117,Female,26,Finance,Remote,7.55,6.55,2.38,3.7,1.76,14.5,4.2,3,19,39,17.4,100.0,62.9,69.7,1.15,77.1,0.27
E118,Male,21,Finance,Hybrid,6.08,7.9,1.85,6.4,2.95,11.5,4.6,3,17,16,16.6,83.2,72.2,60.2,0.77,64.4,0.28
E119,Female,33,Marketing,On-site,8.52,8.92,3.74,3.6,3.38,3.2,5.5,2,10,55,30.2,89.9,78.6,77.4,0.95,71.0,0.283
E120,Female,41,Support,Remote,8.35,10.17,1.56,4.5,3.16,5.7,3.3,3,19,26,1.0,85.3,54.9,67.2,0.82,68.3,0.282
E121,Female,47,Support,Hybrid,6.27,7.03,3.05,3.4,3.5,5.4,5.5,3,3,24,1.0,76.1,73.8,61.9,0.89,63.2,0.342
E122,Female,36,HR,Remote,6.26,9.44,2.32,3.0,2.23,4.4,1.0,2,5,76,31.5,91.9,63.3,85.1,0.66,73.6,0.292
E123,Male,48,Finance,Hybrid,6.41,8.42,2.63,5.6,4.38,8.4,4.8,3,13,48,21.0,88.1,89.8,74.5,0.76,85.7,0.324
E124,Male,24,Marketing,Hybrid,6.49,6.67,2.99,8.0,5.19,0.0,3.9,2,8,54,10.4,78.4,53.3,72.5,0.97,69.4,0.457
E125,Male,21,Operations,Remote,7.95,8.72,0.93,3.5,1.08,11.4,3.5,3,16,47,16.4,89.3,55.0,80.5,0.91,89.3,0.311
E126,Male,35,Finance,On-site,7.43,10.55,2.73,5.8,1.54,15.5,3.9,3,8,33,16.9,79.9,64.6,66.1,0.7,69.2,0.378
E127,Female,38,Marketing,On-site,7.88,7.16,5.25,3.5,3.05,5.7,1.1,2,18,20,10.2,74.0,56.1,52.8,1.1,55.9,0.388
E128,Female,35,Marketing,Hybrid,7.67,8.37,0.63,4.0,2.69,5.6,0.6,2,17,36,16.1,72.9,66.6,71.0,0.92,60.1,0.38
E129,Male,21,IT,Hybrid,8.71,7.32,2.43,6.6,5.28,7.8,6.4,2,20,25,17.8,87.7,62.1,60.4,1.19,72.0,0.283
E130,Female,34,Operations,Hybrid,5.94,7.94,3.85,2.4,3.26,12.1,2.7,3,10,26,31.1,81.2,71.3,59.3,0.75,57.8,0.504
E131,Male,25,IT,Remote,7.38,10.22,2.86,2.0,4.67,5.4,2.6,3,15,16,22.7,100.0,85.1,64.9,0.72,75.8,0.282
E132,Male,40,HR,Hybrid,4.83,8.17,3.33,3.9,0.54,11.7,0.8,2,18,42,28.9,84.6,71.1,62.9,0.59,59.8,0.538
E133,Male,38,IT,Remote,5.68,10.18,0.0,5.0,3.98,9.4,0.0,2,6,64,4.3,77.1,72.4,78.9,0.56,78.4,0.426
E134,Male,28,IT,Remote,6.93,9.83,3.22,4.7,2.14,18.8,2.8,4,3,48,12.2,86.6,54.1,78.1,0.7,71.0,0.281
E135,Nonbinary,31,Finance,Hybrid,7.42,8.06,1.59,4.5,2.12,5.4,2.3,2,17,38,16.9,72.1,68.0,63.6,0.92,59.1,0.337
E136,Male,26,Support,Remote,6.9,7.9,2.87,4.1,2.7,0.0,3.0,2,15,39,1.0,84.2,63.7,74.1,0.87,68.8,0.369
E137,Female,34,Marketing,Remote,6.43,7.42,2.46,5.2,1.29,0.0,3.2,2,15,10,24.5,88.2,80.2,53.2,0.87,52.6,0.472
E138,Female,43,Operations,Remote,6.61,7.38,5.23,0.0,3.53,7.1,8.0,3,2,34,20.1,87.0,58.5,64.4,0.9,64.3,0.416
E139,Male,27,IT,Remote,8.37,8.92,3.16,2.9,3.23,12.1,2.3,3,4,19,12.1,98.0,57.1,67.4,0.94,71.7,0.278
E140,Nonbinary,39,Operations,Hybrid,6.62,8.48,2.36,3.9,3.32,3.7,6.2,2,8,42,13.5,100.0,74.8,77.1,0.78,77.4,0.281
E141,Nonbinary,31,Support,Remote,8.75,7.75,0.69,5.1,4.06,5.8,6.3,2,16,36,25.0,91.7,99.7,69.5,1.13,56.8,0.434
E142,Male,29,Support,Hybrid,7.79,6.64,2.65,6.2,4.82,10.4,4.5,3,20,27,8.6,96.8,67.4,65.5,1.17,68.2,0.283
E143,Female,34,IT,Remote,7.46,8.63,3.49,2.7,2.56,2.2,2.5,2,3,42,25.4,100.0,72.5,71.2,0.86,74.2,0.209
E144,Male,27,HR,Hybrid,5.81,7.94,2.4,6.2,3.57,3.9,0.3,1,20,42,13.0,74.9,84.2,72.8,0.73,69.2,0.467
E145,Male,31,IT,Remote,7.94,8.27,1.89,3.3,3.35,1.2,4.0,2,10,63,21.0,86.3,77.6,83.1,0.96,77.6,0.33
E146,Male,25,Finance,Remote,6.51,8.87,1.81,3.8,3.45,12.9,5.0,3,20,50,15.7,80.2,77.7,70.4,0.73,74.1,0.27
E147,Female,51,Marketing,Hybrid,5.81,5.5,3.14,4.9,3.47,14.7,6.5,4,6,43,32.9,93.4,68.6,70.2,1.06,65.8,0.293
E148,Female,35,HR,Hybrid,7.51,6.66,3.41,3.7,4.91,0.0,1.1,2,19,26,7.9,87.7,68.9,64.3,1.13,66.8,0.392
E149,Male,29,IT,Remote,5.61,11.26,4.13,5.7,2.45,6.3,2.5,3,17,24,10.4,76.8,58.7,59.7,0.5,62.3,0.418
E150,Male,37,Operations,Remote,6.24,7.89,1.31,3.4,1.17,14.0,1.1,3,5,49,3.0,85.1,77.3,75.4,0.79,87.6,0.17
E151,Nonbinary,34,HR,Remote,6.99,5.48,3.13,3.4,2.16,9.0,1.7,3,13,37,6.2,95.5,77.0,76.9,1.28,80.1,0.309
E152,Male,33,HR,Remote,9.22,6.76,2.35,5.6,3.91,4.6,4.3,3,8,44,20.7,72.0,80.8,67.4,1.36,64.9,0.358
E153,Male,40,IT,Hybrid,6.31,11.48,2.39,2.9,3.03,0.0,1.6,2,15,55,27.8,77.0,62.7,72.3,0.55,65.7,0.392
E154,Female,41,HR,Remote,6.54,7.66,2.98,4.4,2.44,12.8,1.4,3,13,17,21.6,75.5,82.5,52.9,0.85,62.0,0.271
E155,Nonbinary,31,Operations,Remote,7.73,9.89,2.99,1.5,1.71,8.8,4.6,3,4,61,15.0,88.3,87.0,80.5,0.78,77.3,0.309
E156,Male,30,Support,Remote,5.76,8.65,3.13,6.7,3.27,0.0,3.9,1,6,54,7.9,97.4,51.8,88.1,0.67,76.0,0.388
E157,Female,33,HR,Remote,7.44,7.92,1.23,5.8,3.77,12.9,3.7,3,18,10,22.2,64.9,65.5,52.0,0.94,59.8,0.382
E158,Female,21,Support,Remote,8.21,9.43,1.6,8.0,3.37,0.0,1.7,2,11,75,7.4,85.9,87.6,90.5,0.87,81.1,0.397
E159,Male,23,Operations,Remote,6.69,5.64,4.28,6.0,2.7,5.9,5.6,3,11,45,4.2,75.8,60.3,74.9,1.19,75.2,0.203
E160,Female,46,IT,Remote,8.03,6.77,2.24,2.3,3.18,5.7,3.0,3,12,33,12.5,95.1,77.9,73.9,1.19,76.6,0.207
E161,Male,48,Marketing,Remote,7.29,7.91,2.87,5.0,3.17,15.1,7.8,4,18,48,1.0,82.6,70.1,73.6,0.92,83.3,0.182
E162,Female,33,HR,Hybrid,6.27,6.89,3.77,2.6,3.23,5.7,3.3,3,6,25,3.9,86.3,75.0,63.1,0.91,71.7,0.385
E163,Female,40,Marketing,Remote,6.8,7.8,3.06,6.4,1.58,5.7,0.0,2,14,48,30.1,85.0,70.6,72.6,0.87,69.8,0.549
E164,Female,38,Operations,On-site,6.62,9.52,3.16,2.3,3.24,0.2,0.0,1,11,28,2.5,96.2,81.2,71.3,0.7,63.9,0.476
E165,Male,60,HR,Remote,6.91,8.66,3.57,2.3,2.47,3.8,4.2,2,10,70,5.5,100.0,54.7,88.3,0.8,74.5,0.268
E166,Female,44,Support,Hybrid,7.15,10.1,0.0,1.6,4.25,2.9,5.6,3,18,41,15.6,73.7,56.3,67.2,0.71,61.2,0.348
E167,Male,34,Finance,Hybrid,7.59,8.73,1.91,3.3,3.16,3.2,1.4,3,2,50,16.0,75.5,92.0,69.2,0.87,64.1,0.296
E168,Male,27,Marketing,Hybrid,7.51,9.69,3.06,3.0,4.0,7.0,7.2,2,5,28,13.1,88.2,100.0,68.3,0.77,75.3,0.371
E169,Male,22,HR,Hybrid,4.57,8.42,4.17,2.1,2.64,0.0,6.3,1,5,52,1.0,76.8,69.9,72.2,0.54,52.4,0.588
E170,Female,37,Marketing,Remote,6.9,7.79,2.58,7.0,2.68,0.0,3.4,1,19,40,21.8,94.3,95.7,69.8,0.89,60.3,0.414
E171,Female,29,HR,Remote,5.49,10.28,1.49,4.8,4.79,6.4,4.1,3,10,19,11.5,95.9,58.4,59.6,0.53,64.5,0.349
E172,Male,24,IT,Remote,6.72,7.65,1.52,4.6,3.52,7.6,4.8,2,19,36,24.8,79.5,62.0,64.4,0.88,58.2,0.412
E173,Female,30,Support,Remote,6.88,8.91,3.56,6.4,2.14,5.8,6.8,3,15,69,9.8,77.4,91.9,82.9,0.77,69.4,0.315
E174,Male,26,Marketing,Remote,7.98,9.42,2.24,4.4,4.08,6.8,4.4,3,16,53,22.9,82.3,82.1,71.1,0.85,64.5,0.324
E175,Female,48,Finance,Remote,6.97,9.51,2.49,2.9,2.36,5.0,3.4,3,7,34,25.4,86.0,94.1,68.7,0.73,60.5,0.374
E176,Male,42,Finance,Hybrid,7.26,7.1,3.24,1.4,3.27,6.9,4.3,3,11,12,11.3,88.1,77.0,62.4,1.02,61.7,0.407
E177,Female,35,Operations,Remote,7.79,9.76,0.0,2.8,5.2,9.2,4.1,3,16,28,22.0,62.5,54.8,55.5,0.8,63.3,0.318
E178,Male,47,HR,Hybrid,8.23,7.33,4.9,6.3,1.28,9.1,4.8,3,5,19,4.4,75.3,73.4,63.9,1.12,69.0,0.257
E179,Nonbinary,36,Marketing,Hybrid,6.88,9.47,1.62,2.1,2.79,3.6,0.0,3,19,12,17.1,81.0,88.0,60.1,0.73,64.3,0.288
E180,Male,28,Operations,On-site,7.09,9.14,2.79,4.5,3.49,11.6,3.6,3,19,52,24.8,77.0,68.0,69.4,0.78,67.0,0.323
E181,Male,47,Marketing,Remote,7.01,9.48,0.45,5.6,3.92,7.8,3.9,2,18,41,19.1,56.4,65.7,62.0,0.74,63.4,0.419
E182,Male,39,HR,Remote,6.46,7.05,1.99,4.4,1.51,13.2,2.9,3,13,67,34.2,66.1,77.3,73.9,0.92,70.9,0.235
E183,Nonbinary,27,Finance,Remote,6.23,9.21,3.99,4.6,1.16,14.2,4.6,3,8,25,19.6,71.9,61.6,59.5,0.68,66.3,0.343
E184,Female,34,IT,Remote,4.73,9.8,0.2,5.0,4.31,0.0,6.8,2,17,40,12.1,83.8,74.4,69.9,0.48,61.6,0.531
E185,Male,28,Finance,Hybrid,5.92,8.73,3.85,4.6,2.14,2.7,3.3,2,12,19,37.7,80.6,71.0,50.9,0.68,50.1,0.53
E186,Female,24,Operations,Remote,5.22,7.52,2.17,6.4,2.09,11.1,4.4,3,15,31,28.1,78.7,62.6,63.9,0.69,69.3,0.383
E187,Female,42,Support,Hybrid,8.26,9.6,3.08,2.4,4.86,0.0,6.2,2,4,37,2.2,93.0,84.7,75.2,0.86,68.3,0.382
E188,Female,50,IT,Remote,7.19,8.64,3.29,4.4,3.08,14.1,3.3,3,20,34,8.7,93.0,79.7,69.3,0.83,67.5,0.298
E189,Female,24,Operations,Hybrid,6.87,6.49,3.03,1.3,3.09,5.3,1.2,2,19,41,6.7,86.5,64.7,70.0,1.06,66.2,0.343
E190,Male,40,HR,Hybrid,6.28,7.42,1.46,0.9,2.78,9.9,4.2,3,11,55,20.2,86.2,69.8,74.1,0.85,79.0,0.351
E191,Male,30,IT,Remote,7.03,7.87,2.06,3.9,1.53,6.4,0.0,3,7,53,19.6,76.4,65.9,69.1,0.89,62.4,0.394
E192,Female,31,Operations,Remote,6.15,10.31,0.75,4.8,3.81,0.0,0.0,2,14,28,19.5,77.6,60.4,58.2,0.6,58.4,0.418
E193,Nonbinary,30,HR,Remote,7.17,10.1,3.09,6.4,3.49,12.3,3.7,3,11,40,2.0,67.9,44.5,65.3,0.71,64.0,0.257
E194,Female,28,Finance,Remote,7.25,10.09,4.54,7.6,3.2,20.8,0.0,4,19,52,9.9,82.5,62.7,75.2,0.72,81.8,0.174
E195,Male,35,Support,Remote,6.14,8.78,0.31,6.0,2.86,4.4,0.4,3,17,56,13.8,92.9,60.6,77.6,0.7,75.2,0.343
E196,Male,28,HR,Remote,6.12,9.6,1.59,5.1,2.65,5.4,2.2,2,7,30,1.0,98.5,71.7,76.1,0.64,67.8,0.374
E197,Female,37,Marketing,Remote,7.96,7.13,2.28,4.2,4.09,0.0,1.6,2,14,51,8.0,82.6,76.6,70.1,1.12,66.7,0.368
E198,Female,35,HR,Remote,6.95,8.51,2.71,1.7,2.83,13.8,2.7,3,5,45,25.9,89.9,58.0,71.0,0.82,63.1,0.426
E199,Female,33,HR,Remote,6.22,9.04,3.56,3.8,2.92,11.6,5.2,3,15,24,2.6,56.4,75.6,55.6,0.69,56.7,0.403
E200,Female,28,Support,Hybrid,6.63,7.21,2.32,5.9,3.64,0.0,3.5,1,2,52,26.6,80.7,55.7,67.5,0.92,60.8,0.479
E201,Female,30,Marketing,Remote,5.99,8.75,2.12,5.3,3.25,0.0,1.3,2,6,42,23.7,80.4,68.1,68.4,0.68,71.0,0.425
E202,Male,41,Operations,Hybrid,6.93,10.52,3.82,2.1,4.97,0.0,5.7,2,9,14,12.7,99.9,61.0,59.8,0.66,64.6,0.351
E203,Male,39,Operations,Remote,7.83,9.17,3.29,4.9,0.89,10.2,0.1,3,13,36,9.8,88.9,81.2,74.4,0.85,69.8,0.263
E204,Female,27,HR,Remote,6.97,9.6,3.15,4.8,3.36,10.7,3.4,3,3,41,21.7,89.9,71.8,72.7,0.73,69.9,0.361
E205,Female,36,Marketing,Hybrid,9.36,5.56,2.64,4.5,2.15,2.4,0.0,3,13,31,8.7,89.4,68.3,73.1,1.68,73.9,0.211
E206,Male,41,Marketing,Remote,7.42,10.37,3.68,4.0,1.87,9.5,3.5,3,6,58,9.1,85.5,60.6,77.6,0.72,70.5,0.319
E207,Male,22,Support,Remote,7.23,8.28,1.71,5.0,2.45,7.8,2.4,3,6,59,14.8,100.0,65.1,87.2,0.87,85.8,0.235
E208,Female,39,Finance,Remote,6.09,7.58,1.55,5.0,3.07,5.2,5.2,2,14,34,1.0,61.9,97.4,61.8,0.8,58.1,0.496
E209,Male,30,Operations,Remote,6.76,8.29,3.4,3.0,3.12,11.9,4.4,3,10,33,3.4,86.5,62.5,67.5,0.82,66.9,0.361
E210,Male,40,Support,Remote,6.22,6.72,0.55,4.7,1.18,1.0,1.8,2,11,38,12.5,96.3,77.2,71.7,0.93,66.3,0.42
E211,Female,29,IT,Remote,4.83,9.76,2.61,3.7,2.35,12.7,1.4,3,2,37,18.8,66.1,68.3,63.2,0.5,55.3,0.513
E212,Female,21,Operations,Hybrid,7.97,8.1,2.12,1.8,3.34,3.4,2.4,1,4,31,8.6,93.4,76.8,71.3,0.98,58.8,0.527
E213,Female,22,Support,Remote,6.49,7.61,0.81,3.2,1.95,15.9,6.8,3,19,10,13.4,77.4,82.6,51.1,0.85,61.5,0.482
E214,Male,35,Operations,Remote,6.24,8.3,1.38,1.7,1.66,2.0,6.2,2,13,66,2.1,86.1,64.7,87.0,0.75,76.1,0.328
E215,Female,37,Finance,Remote,7.21,9.84,2.37,5.5,0.29,5.2,1.1,2,4,40,22.5,77.2,80.6,65.6,0.73,63.8,0.524
E216,Male,28,IT,Hybrid,7.51,8.66,3.74,4.5,2.2,7.3,4.6,2,10,37,16.8,94.6,100.0,71.2,0.87,70.2,0.3
E217,Male,40,Finance,Remote,6.68,6.81,1.72,3.5,1.62,7.3,0.0,3,3,45,17.5,82.1,78.5,71.4,0.98,79.8,0.365
E218,Female,22,IT,Remote,7.0,9.06,3.96,6.1,1.82,9.5,2.1,2,4,39,18.9,93.5,94.2,68.6,0.77,70.7,0.336
E219,Female,34,HR,Remote,7.75,7.39,2.58,4.1,2.67,0.6,1.1,2,15,34,15.6,89.4,77.2,71.0,1.05,59.4,0.392
E220,Female,25,Support,On-site,6.64,5.91,4.07,1.9,2.28,6.8,5.1,3,5,25,11.1,77.1,56.0,58.8,1.12,55.9,0.382
E221,Female,30,IT,Remote,7.3,10.3,1.77,3.3,1.6,7.7,0.4,3,20,12,24.0,90.0,74.1,55.7,0.71,61.1,0.32
E222,Female,35,Finance,Remote,5.34,9.05,2.44,6.4,0.46,4.4,3.9,3,14,20,16.3,78.4,65.0,56.3,0.59,56.4,0.436
E223,Male,28,Operations,Remote,5.76,8.41,2.94,3.0,3.36,9.0,3.0,4,8,23,13.7,85.6,61.1,65.6,0.69,61.3,0.304
E224,Male,32,IT,Hybrid,7.61,8.09,2.28,4.4,3.9,0.3,2.6,2,13,50,14.9,81.9,68.9,77.9,0.94,67.9,0.299
E225,Male,43,Support,Remote,5.71,10.18,3.64,5.1,2.52,5.4,6.3,2,4,51,14.8,94.0,67.7,81.5,0.56,74.8,0.382
E226,Male,30,IT,Remote,7.23,12.0,0.0,4.9,2.68,3.2,6.5,3,10,27,13.6,90.4,54.1,62.9,0.6,72.1,0.394
E227,Nonbinary,42,Marketing,Hybrid,6.85,9.04,5.41,7.7,3.0,5.4,2.7,2,3,10,18.6,84.7,100.0,53.3,0.76,53.9,0.443
E228,Male,26,Operations,Hybrid,6.64,7.26,3.53,2.2,4.89,14.2,2.3,3,10,40,7.5,78.1,82.1,70.2,0.91,69.6,0.371
E229,Female,39,Support,Remote,6.17,8.31,2.29,2.4,1.12,14.3,0.0,3,13,34,8.1,72.3,73.7,65.2,0.74,76.0,0.267
E230,Female,46,Support,Hybrid,7.91,9.02,1.84,2.3,2.5,13.4,3.0,3,13,33,19.5,86.4,71.3,68.2,0.88,71.8,0.225
E231,Female,21,HR,Remote,8.73,5.68,1.46,3.6,0.93,4.7,6.9,2,16,54,13.8,78.7,88.0,77.7,1.54,65.3,0.345
E232,Female,29,Finance,Remote,7.3,8.9,3.27,5.6,3.43,11.5,2.7,3,3,42,22.8,66.2,100.0,63.3,0.82,58.7,0.457
E233,Female,40,HR,Remote,7.32,9.02,3.69,2.5,2.83,7.6,4.5,3,19,25,18.3,71.7,80.3,57.0,0.81,52.8,0.409
E234,Female,33,Support,On-site,6.32,10.09,2.3,5.7,3.24,7.2,0.2,3,14,22,10.6,100.0,71.8,64.1,0.63,69.5,0.386
E235,Male,38,Operations,Remote,5.8,9.97,3.83,4.1,3.18,6.6,2.1,3,15,36,19.6,78.4,92.1,68.5,0.58,70.4,0.427
E236,Female,30,IT,Remote,6.96,8.63,1.41,2.3,4.19,15.8,3.9,4,6,26,24.6,95.8,72.1,65.9,0.81,79.5,0.221
E237,Male,36,IT,Remote,6.03,10.32,1.2,1.4,3.65,13.8,3.2,4,11,39,18.6,81.4,76.5,69.9,0.58,62.9,0.328
E238,Male,34,Operations,Hybrid,5.23,10.94,4.68,1.7,4.0,10.7,4.6,3,13,55,20.3,97.4,85.0,82.3,0.48,82.3,0.334
E239,Female,44,Support,Remote,7.8,8.53,3.21,3.0,1.72,6.1,1.8,2,11,19,13.6,96.7,64.2,56.2,0.91,64.3,0.409
E240,Male,37,IT,Remote,7.85,9.0,4.18,3.7,4.43,7.2,0.0,3,12,41,22.9,76.7,38.9,57.8,0.87,58.1,0.289
E241,Nonbinary,38,IT,Remote,6.14,6.38,1.48,6.0,2.13,9.7,5.2,3,3,54,10.4,65.1,63.5,70.3,0.96,64.3,0.372
E242,Nonbinary,32,IT,Remote,7.24,6.76,1.39,5.2,2.2,4.4,1.1,2,6,39,17.7,66.0,81.6,64.1,1.07,50.2,0.451
E243,Nonbinary,31,Finance,Remote,8.0,7.49,2.07,2.7,3.33,11.7,4.0,3,8,51,35.6,76.9,80.5,73.2,1.07,70.7,0.244
E244,Male,32,Finance,Hybrid,7.21,7.97,1.51,4.6,3.36,2.4,3.9,2,7,36,19.3,100.0,90.1,73.2,0.9,63.3,0.391
E245,Male,38,Marketing,Remote,5.81,7.18,3.35,6.5,1.71,9.0,0.0,2,4,43,11.6,80.9,64.0,66.7,0.81,63.5,0.368
E246,Nonbinary,32,HR,Remote,6.77,8.46,1.6,6.8,2.79,0.0,5.1,1,14,47,11.6,86.5,93.7,78.3,0.8,71.8,0.34
E247,Male,37,Operations,Hybrid,8.33,8.0,1.09,3.5,4.79,4.2,1.9,3,4,31,14.4,98.0,72.8,69.5,1.04,60.2,0.334
E248,Nonbinary,52,Operations,Remote,7.25,9.79,2.67,5.4,1.24,17.4,3.1,4,7,70,21.8,86.1,79.1,83.1,0.74,72.6,0.3
E249,Nonbinary,42,Operations,Remote,7.54,7.93,0.95,6.1,4.78,12.2,2.3,2,12,49,16.2,85.8,83.6,70.3,0.95,77.1,0.299
E250,Female,32,Marketing,On-site,7.34,5.76,0.34,1.7,2.71,14.7,6.2,3,18,60,9.8,91.2,49.3,80.4,1.28,79.9,0.192
E251,Male,45,Finance,Remote,6.14,8.65,2.66,3.2,0.19,3.7,5.7,2,11,56,9.8,87.9,54.9,78.6,0.71,68.9,0.357
E252,Male,32,Support,Remote,6.38,8.48,0.4,7.3,1.36,7.5,0.0,3,13,45,16.2,84.0,54.4,66.9,0.75,67.2,0.376
E253,Female,21,Support,Remote,7.34,7.47,3.43,3.5,1.84,13.4,7.5,2,18,61,15.3,77.8,86.1,81.5,0.98,79.1,0.392
E254,Male,27,Marketing,Remote,7.82,8.61,0.83,0.0,2.25,10.2,1.6,3,5,43,18.6,85.8,65.4,71.9,0.91,76.0,0.307
E255,Male,21,Support,Remote,8.1,7.21,0.0,3.8,2.87,9.5,7.2,3,3,29,22.3,95.9,100.0,69.0,1.12,64.5,0.374
E256,Female,32,Operations,Remote,6.14,8.9,2.15,5.7,0.0,15.2,2.5,3,12,40,36.8,100.0,70.1,69.8,0.69,66.8,0.306
E257,Nonbinary,35,HR,Remote,7.43,11.66,2.67,4.0,3.22,1.8,2.3,2,8,25,3.3,87.9,47.9,65.8,0.64,68.9,0.371
E258,Female,48,IT,Remote,8.19,6.33,3.09,5.1,1.73,6.1,2.5,2,3,10,20.5,92.6,59.9,55.8,1.29,64.6,0.4
E259,Female,38,Finance,On-site,6.01,7.88,2.71,5.4,4.67,0.0,2.2,2,19,27,15.8,87.7,71.8,61.8,0.76,54.4,0.4
E260,Male,33,Finance,Hybrid,8.49,7.69,1.23,3.5,2.68,1.5,8.0,2,5,41,1.0,84.1,77.7,72.8,1.1,63.9,0.323
E261,Female,42,Marketing,Remote,8.64,7.98,3.36,3.2,4.13,12.4,2.8,2,9,56,25.0,90.1,55.2,77.2,1.08,73.1,0.355
E262,Nonbinary,21,Finance,Remote,9.63,9.72,3.65,4.2,4.33,2.4,2.4,2,15,27,18.4,96.9,78.5,60.7,0.99,63.3,0.354
E263,Male,37,Operations,Hybrid,7.23,9.15,1.05,4.3,4.3,10.7,3.2,2,13,55,21.4,76.1,82.5,71.6,0.79,68.4,0.326
E264,Female,41,Support,Remote,7.24,9.52,2.28,4.1,2.32,15.3,1.1,2,19,22,1.4,70.5,60.4,59.9,0.76,59.7,0.337
E265,Female,23,Operations,Remote,7.83,8.54,2.17,4.1,2.3,6.1,6.2,3,12,26,13.2,79.7,99.5,67.9,0.92,66.2,0.384
E266,Female,44,Marketing,On-site,7.8,6.91,2.76,2.9,2.73,9.6,0.1,2,9,62,6.4,87.1,62.0,85.0,1.13,75.2,0.209
E267,Female,38,Operations,Remote,8.13,7.16,2.25,5.1,3.76,10.7,1.8,2,3,41,32.3,93.7,55.0,70.2,1.13,63.5,0.395
E268,Female,32,Support,Hybrid,7.78,9.4,2.42,4.9,2.39,0.9,4.9,1,16,37,24.2,75.1,47.1,61.5,0.83,57.5,0.439
E269,Male,40,HR,On-site,6.89,8.7,3.27,2.0,2.86,3.9,3.1,2,10,44,9.6,60.1,88.3,63.6,0.79,58.8,0.481
E270,Male,53,Marketing,Remote,8.22,10.01,1.16,3.4,3.33,2.0,4.1,2,20,22,2.7,79.9,70.3,60.8,0.82,66.0,0.312
E271,Female,36,HR,Remote,5.93,8.85,3.38,4.1,1.91,4.3,6.1,2,9,35,16.6,83.1,62.8,59.4,0.67,56.7,0.595
E272,Female,37,IT,Remote,7.01,7.08,3.87,3.2,1.84,10.6,5.0,3,20,40,23.7,73.4,47.9,66.0,0.99,65.6,0.353
E273,Female,31,HR,Hybrid,8.56,7.87,4.46,5.0,2.81,4.0,3.3,3,6,58,1.1,77.4,64.2,76.2,1.09,62.6,0.34
E274,Nonbinary,28,IT,Hybrid,5.75,9.18,0.0,3.9,2.97,6.8,7.2,2,12,15,7.5,93.7,100.0,62.5,0.63,65.9,0.386
E275,Female,42,IT,Hybrid,6.32,9.35,2.28,4.3,3.52,1.8,1.7,2,16,66,6.2,85.8,37.8,84.7,0.68,76.8,0.349
E276,Female,28,HR,Remote,7.67,9.53,0.14,3.4,3.81,13.1,2.8,3,9,38,21.9,88.5,60.5,62.4,0.81,69.9,0.301
E277,Female,36,Marketing,Hybrid,7.39,7.24,0.0,1.0,1.68,4.3,2.9,2,20,23,12.0,81.4,96.9,59.8,1.02,64.3,0.469
E278,Female,31,Support,On-site,6.12,7.06,2.67,0.9,2.03,14.6,2.8,4,9,21,12.4,77.5,88.7,60.8,0.87,70.3,0.302
E279,Female,39,Operations,Hybrid,6.58,8.27,2.02,4.9,1.84,7.3,0.9,3,20,44,16.4,81.4,61.4,70.9,0.8,65.7,0.377
E280,Female,38,Operations,On-site,5.82,10.23,2.86,4.4,4.69,0.0,0.0,3,19,20,8.0,90.0,73.1,62.4,0.57,65.5,0.404
E281,Female,43,Support,Hybrid,7.98,7.67,3.08,4.7,2.86,6.1,3.8,1,11,32,3.5,70.1,76.9,63.7,1.04,72.8,0.406
E282,Male,31,IT,Hybrid,6.74,9.05,4.0,4.2,3.02,1.7,1.7,2,8,36,26.0,100.0,72.0,73.9,0.75,66.6,0.325
E283,Male,33,IT,Remote,8.79,9.05,2.56,4.3,3.07,9.9,6.8,4,10,57,26.7,90.7,96.8,82.0,0.97,82.0,0.268
E284,Male,27,Marketing,Remote,7.08,9.41,6.0,5.5,2.14,5.7,2.9,1,2,55,16.4,79.6,75.1,77.3,0.75,74.3,0.355
E285,Female,31,Finance,Remote,6.78,10.5,2.87,4.7,4.88,7.8,2.5,3,20,30,17.0,93.1,87.0,70.7,0.65,69.0,0.335
E286,Male,38,HR,Hybrid,6.68,10.37,4.71,5.6,3.49,5.2,5.2,2,6,37,25.1,97.2,72.7,68.9,0.64,66.8,0.477
E287,Female,41,IT,Remote,6.76,7.79,0.0,4.3,3.05,4.2,3.8,2,20,16,16.3,81.7,39.5,59.8,0.87,61.5,0.511
E288,Female,28,Operations,Hybrid,7.11,5.98,4.12,3.5,1.67,2.1,2.6,1,2,10,11.6,82.8,52.1,45.8,1.19,57.9,0.499
E289,Male,42,Marketing,On-site,9.51,7.69,2.28,4.3,1.61,11.2,1.7,3,16,22,15.3,99.9,55.2,67.6,1.24,74.1,0.202
E290,Female,46,HR,Hybrid,6.66,8.59,0.16,2.7,2.63,6.1,10.0,3,17,57,26.1,100.0,66.3,82.5,0.78,73.0,0.319
E291,Male,38,Marketing,Remote,6.69,8.07,3.0,3.4,2.16,5.4,3.7,2,8,52,15.4,85.3,100.0,79.1,0.83,61.6,0.425
E292,Male,50,HR,Remote,7.07,10.86,2.14,4.3,1.72,6.0,5.2,2,13,46,9.6,73.4,75.4,70.8,0.65,70.0,0.386
E293,Female,29,HR,Remote,8.09,8.52,3.2,4.2,2.55,3.6,1.0,2,9,18,16.2,80.3,68.4,56.3,0.95,48.9,0.385
E294,Male,25,Support,Hybrid,5.58,9.28,3.71,3.8,2.74,5.4,1.8,2,6,29,20.2,95.3,88.6,71.4,0.6,62.6,0.508
E295,Male,21,IT,Hybrid,7.46,8.76,0.71,1.9,3.17,8.0,7.2,3,11,27,19.3,74.7,48.2,56.8,0.85,57.5,0.378
E296,Female,47,Marketing,On-site,6.18,8.08,3.72,5.0,2.4,1.8,5.8,2,6,38,19.4,82.9,62.7,63.8,0.76,55.4,0.425
E297,Female,40,Marketing,Remote,7.55,6.19,2.51,5.3,1.79,2.6,3.9,2,18,37,8.4,87.9,60.4,71.7,1.22,70.1,0.313
E298,Male,35,Support,On-site,6.51,8.41,4.12,6.5,1.83,13.9,2.2,3,6,25,21.2,75.8,76.0,63.3,0.77,64.1,0.374
E299,Female,37,Operations,Hybrid,4.7,12.0,2.25,4.7,4.46,5.2,2.5,1,16,45,15.2,96.0,83.4,70.9,0.39,73.9,0.397
E300,Male,26,Operations,Remote,7.37,7.01,1.94,4.0,1.5,4.2,1.6,2,14,43,9.3,91.9,77.1,82.2,1.05,67.2,0.408
E301,Male,55,IT,Hybrid,7.36,6.32,2.53,2.5,3.44,0.3,0.7,1,2,29,21.1,100.0,77.3,64.9,1.16,61.1,0.451
E302,Female,36,IT,Remote,6.42,10.82,2.62,6.2,3.62,11.3,4.8,3,12,45,11.4,92.8,64.6,71.4,0.59,73.2,0.404
E303,Female,36,Finance,Remote,6.36,9.39,1.7,4.4,2.85,1.7,4.1,2,2,57,2.4,75.4,74.8,74.3,0.68,67.9,0.403
E304,Female,41,Support,Hybrid,5.69,8.72,1.9,4.3,5.12,6.9,4.5,2,12,61,7.0,90.3,57.4,82.1,0.65,80.0,0.299
E305,Female,39,Operations,Remote,7.77,10.14,1.03,3.6,3.6,0.0,2.3,2,19,47,13.5,94.9,80.1,73.6,0.77,64.2,0.325
E306,Nonbinary,37,HR,Hybrid,7.88,7.5,1.98,3.5,5.21,11.1,3.5,3,19,47,19.6,95.4,62.5,70.9,1.05,69.8,0.271
E307,Female,29,Marketing,Hybrid,6.12,8.37,3.31,5.0,2.22,12.9,2.1,3,17,36,8.1,77.2,53.2,63.0,0.73,69.7,0.328
E308,Male,39,IT,Remote,6.46,9.65,2.34,2.5,2.24,9.4,1.5,4,14,55,13.1,76.0,70.6,75.4,0.67,59.7,0.311
E309,Female,50,Marketing,Remote,6.94,11.03,3.71,6.4,3.63,0.0,6.3,2,8,24,5.3,73.6,41.3,57.8,0.63,59.8,0.437
E310,Male,46,Marketing,Remote,9.27,7.1,2.28,6.1,2.69,11.2,3.2,3,2,54,22.9,100.0,92.1,85.2,1.31,83.6,0.152
E311,Male,48,Finance,Remote,7.55,10.04,0.78,3.5,5.02,2.9,4.0,2,17,36,28.7,91.2,82.0,71.3,0.75,59.4,0.427
E312,Male,31,Operations,Remote,6.06,8.96,3.22,2.7,3.41,1.1,4.7,2,2,62,27.9,76.8,75.1,79.2,0.68,64.8,0.395
E313,Male,27,IT,Remote,7.3,8.7,1.69,1.0,1.75,5.1,3.3,2,18,49,22.7,86.3,45.6,69.5,0.84,73.6,0.375
E314,Nonbinary,34,Marketing,Remote,5.62,8.49,2.22,2.1,0.92,5.0,3.5,3,7,39,21.9,83.8,59.5,60.7,0.66,64.6,0.366
E315,Female,35,IT,Remote,7.72,6.84,3.99,5.1,2.91,4.5,0.8,2,3,36,1.0,75.3,70.6,62.1,1.13,65.4,0.424
E316,Female,44,HR,Remote,8.68,9.66,1.11,4.5,2.89,13.4,1.2,4,18,48,16.4,85.4,66.1,75.9,0.9,79.2,0.218
E317,Male,22,Finance,Hybrid,8.68,7.56,2.7,4.7,3.38,17.1,1.1,3,7,47,11.0,86.9,44.7,74.4,1.15,85.5,0.201
E318,Male,47,HR,Hybrid,7.73,7.2,2.45,1.2,4.45,0.2,4.2,1,15,34,22.0,100.0,50.3,65.8,1.07,64.8,0.407
E319,Male,34,IT,Remote,6.42,9.56,3.34,3.4,4.29,3.6,3.1,2,19,41,1.0,78.4,65.8,66.3,0.67,63.4,0.345
E320,Male,32,IT,Remote,5.7,9.45,3.53,6.1,2.31,7.7,1.2,2,7,53,16.5,67.9,50.8,65.7,0.6,67.8,0.488
E321,Female,27,Operations,On-site,5.6,8.59,2.82,3.9,1.45,5.1,4.2,2,11,20,13.3,74.5,90.6,59.1,0.65,59.0,0.426
E322,Female,22,Marketing,Hybrid,4.19,9.8,2.07,2.1,1.52,9.0,4.1,4,19,51,23.9,76.1,77.4,71.7,0.43,62.4,0.387
E323,Female,42,Marketing,On-site,7.69,10.21,3.07,3.8,2.12,11.6,1.6,4,10,48,27.4,80.7,57.9,71.6,0.75,65.9,0.296
E324,Male,36,HR,Hybrid,6.9,10.07,4.1,2.8,2.56,10.7,2.9,3,9,58,7.6,74.5,87.5,77.1,0.68,74.3,0.297
E325,Nonbinary,25,Finance,Remote,7.91,7.87,2.47,4.5,3.37,10.0,4.1,3,11,29,7.9,93.2,84.5,68.7,1.01,69.6,0.361
E326,Female,25,Support,Remote,8.43,9.72,2.18,4.0,2.04,15.3,1.3,3,18,40,16.8,73.8,74.3,69.6,0.87,67.8,0.238
E327,Female,32,Marketing,Remote,7.1,8.75,2.97,4.8,3.34,0.0,4.1,1,7,43,28.9,85.2,69.4,61.9,0.81,53.5,0.587
E328,Female,48,Operations,Remote,7.15,10.57,2.55,2.2,3.43,14.4,3.6,3,15,51,15.5,100.0,65.5,79.9,0.68,87.0,0.272
E329,Male,33,HR,Remote,6.54,8.35,0.89,3.3,3.17,4.9,1.0,3,7,46,4.8,90.5,61.9,74.6,0.78,70.5,0.316
E330,Male,23,HR,Remote,6.65,8.07,2.79,5.6,1.65,10.9,3.4,4,8,21,10.2,89.5,49.9,62.7,0.82,64.6,0.291
E331,Male,33,Support,Remote,7.73,7.76,0.88,2.0,3.56,1.9,3.7,2,13,44,16.6,100.0,92.9,79.7,1.0,70.3,0.234
E332,Female,33,Operations,Hybrid,6.83,8.73,2.95,2.5,5.5,2.5,1.7,1,4,70,16.9,97.5,62.2,85.0,0.78,79.7,0.333
E333,Male,21,Finance,Hybrid,6.68,9.06,1.54,4.3,3.3,10.3,1.9,3,15,49,9.4,90.7,70.4,75.4,0.74,77.5,0.275
E334,Male,35,Operations,Remote,6.98,9.08,2.54,4.4,0.0,0.0,1.0,1,20,65,10.0,81.9,56.3,73.6,0.77,64.2,0.46
E335,Male,33,Finance,Hybrid,7.89,8.92,2.97,3.3,4.49,11.9,2.1,4,17,56,7.1,84.8,66.1,80.7,0.88,77.4,0.274
E336,Male,41,Operations,Remote,6.31,9.31,5.44,3.6,2.16,13.3,3.0,3,8,60,24.1,84.3,100.0,81.4,0.68,77.0,0.407
E337,Female,50,Operations,Hybrid,6.93,8.23,3.39,4.8,5.72,7.9,1.9,3,9,45,8.3,81.0,59.1,75.1,0.84,67.9,0.343
E338,Female,44,IT,Remote,7.25,7.45,4.14,5.3,3.14,7.7,0.0,3,19,48,11.3,87.1,91.7,75.8,0.97,64.8,0.343
E339,Female,33,HR,On-site,8.16,7.35,4.75,2.4,0.98,2.8,1.6,3,14,44,11.1,88.5,69.6,76.0,1.11,73.0,0.242
E340,Male,26,Operations,Hybrid,6.76,9.67,3.09,4.5,0.52,10.4,2.2,3,10,40,2.2,72.6,80.2,66.2,0.7,64.2,0.273
E341,Female,56,Support,Remote,6.28,9.06,2.84,6.3,4.85,8.7,4.6,3,11,51,8.1,100.0,88.7,74.7,0.69,77.7,0.271
E342,Female,36,Operations,Remote,6.52,6.27,1.22,3.8,4.33,2.4,4.2,1,10,32,24.8,89.1,74.1,65.0,1.04,64.4,0.436
E343,Male,35,Marketing,Remote,8.05,9.82,2.36,2.4,5.67,5.0,4.7,3,16,68,5.3,82.4,64.7,82.6,0.82,74.8,0.323
E344,Male,35,HR,Remote,9.03,10.76,1.63,2.3,3.01,6.2,1.5,2,3,26,7.3,87.2,67.2,61.3,0.84,63.0,0.388
E345,Male,37,Marketing,Remote,5.69,7.64,2.02,3.8,2.93,5.0,3.3,3,14,52,4.3,94.3,67.7,83.0,0.74,74.0,0.34
E346,Female,34,HR,Hybrid,5.9,8.9,4.74,5.6,2.54,0.2,0.0,2,3,61,14.3,70.3,98.0,82.0,0.66,62.3,0.408
E347,Female,30,Marketing,Remote,6.83,7.93,2.64,3.9,2.21,10.5,3.9,3,20,37,30.1,83.9,47.7,62.9,0.86,60.9,0.267
E348,Male,31,Operations,Hybrid,7.11,9.25,1.45,4.3,2.53,5.8,4.2,2,3,23,13.9,73.1,43.4,54.6,0.77,60.6,0.32
E349,Male,35,Operations,On-site,7.79,7.1,4.15,2.5,3.26,7.1,2.3,3,4,57,15.5,100.0,44.4,80.2,1.1,83.3,0.14
E350,Female,31,IT,Remote,6.11,8.41,3.65,5.5,1.99,4.1,3.6,2,7,43,8.6,86.4,56.6,69.4,0.73,74.0,0.357
E351,Female,29,Support,Remote,5.94,9.68,3.71,2.3,1.0,9.4,0.0,3,4,52,14.5,73.2,80.5,74.9,0.61,70.3,0.399
E352,Female,36,Marketing,Remote,7.14,9.98,0.09,3.2,3.19,8.0,1.4,3,11,38,24.8,100.0,81.4,67.7,0.72,76.1,0.339
E353,Female,33,Finance,Hybrid,6.74,9.01,4.84,4.9,1.96,13.1,4.5,2,7,66,16.1,79.6,60.9,76.5,0.75,71.8,0.409
E354,Male,47,IT,Remote,7.93,8.09,1.83,0.9,0.0,9.4,4.0,3,17,10,32.1,82.9,69.6,48.0,0.98,49.0,0.372
E355,Male,21,Marketing,On-site,7.49,6.59,3.43,4.3,3.66,6.0,2.2,3,18,46,25.1,83.6,53.3,69.8,1.14,75.5,0.323
E356,Female,44,Marketing,Hybrid,7.56,7.59,5.53,2.4,1.67,3.3,4.6,3,20,60,14.3,76.5,54.6,74.7,1.0,69.8,0.253
E357,Male,45,IT,Remote,6.9,7.94,5.09,4.0,3.79,11.3,3.3,2,4,42,14.2,87.5,78.7,76.2,0.87,66.4,0.429
E358,Female,21,Operations,Remote,9.36,7.66,1.33,3.5,3.77,5.6,2.0,3,19,44,28.0,62.9,85.7,66.5,1.22,67.2,0.182
E359,Nonbinary,32,Marketing,Hybrid,6.16,8.57,0.77,7.2,3.34,6.1,2.6,3,8,34,16.1,95.9,62.8,66.2,0.72,64.2,0.311
E360,Female,32,Operations,Hybrid,7.61,8.09,4.22,3.4,6.0,6.1,2.1,3,10,40,26.3,73.7,94.5,68.4,0.94,60.4,0.431
E361,Male,24,IT,Remote,5.73,8.71,2.67,6.8,2.83,5.0,0.6,2,13,15,31.0,80.8,84.5,52.7,0.66,60.5,0.44
E362,Female,29,Operations,Remote,5.93,9.94,1.9,4.9,2.66,6.2,5.5,3,6,29,13.4,92.5,93.9,70.5,0.6,76.7,0.284
E363,Female,26,HR,Hybrid,6.39,8.01,3.25,2.8,3.82,16.6,1.9,3,4,28,17.8,83.0,65.5,64.5,0.8,64.5,0.415
E364,Female,49,Finance,Remote,8.63,6.84,2.3,4.5,2.93,1.8,1.3,1,12,50,22.8,83.4,92.8,78.1,1.26,75.5,0.398
E365,Nonbinary,42,Marketing,On-site,7.26,7.66,3.34,3.5,4.39,2.9,0.0,2,5,31,21.1,74.9,100.0,64.6,0.95,64.9,0.361
E366,Male,45,Support,Remote,6.41,9.2,2.58,4.4,1.48,13.9,0.0,3,6,32,21.1,100.0,63.8,72.9,0.7,71.2,0.345
E367,Nonbinary,41,Finance,Remote,7.37,9.31,3.37,2.9,1.5,5.1,4.4,3,2,34,4.3,90.3,67.7,71.5,0.79,69.5,0.322
E368,Nonbinary,26,Operations,Hybrid,7.04,8.99,1.43,6.5,3.92,4.7,4.6,3,19,29,8.2,74.2,55.8,61.0,0.78,69.0,0.184
E369,Male,31,Marketing,Remote,6.51,10.06,4.21,5.4,1.6,12.2,5.4,3,13,44,11.0,86.8,52.8,70.2,0.65,64.1,0.297
E370,Male,39,Operations,Remote,5.6,8.28,3.34,4.0,3.73,0.0,2.7,2,14,46,24.7,73.5,53.0,63.3,0.68,64.6,0.478
E371,Male,25,HR,Remote,8.44,10.96,3.28,6.6,3.44,11.1,2.4,3,10,52,5.1,100.0,57.8,82.2,0.77,85.1,0.176
E372,Male,41,IT,Remote,7.21,9.48,1.16,4.1,2.17,7.2,2.0,2,3,50,27.2,87.0,74.1,73.3,0.76,71.1,0.389
E373,Male,33,Marketing,Hybrid,9.17,5.47,4.54,5.6,3.44,9.3,2.2,3,6,48,21.2,75.2,58.5,69.1,1.68,66.7,0.262
E374,Female,32,HR,Remote,7.94,10.66,2.48,4.1,1.52,9.2,5.2,2,14,35,24.2,92.0,73.7,69.1,0.74,78.8,0.371
E375,Male,41,HR,Remote,7.55,7.58,3.37,4.6,1.8,3.9,2.9,2,17,34,7.6,82.2,74.0,68.4,1.0,77.0,0.246
E376,Male,39,Marketing,Hybrid,6.56,7.26,2.11,3.9,2.72,12.3,3.8,3,17,27,15.6,72.1,62.9,64.3,0.9,62.3,0.382
E377,Female,32,Operations,Hybrid,5.9,9.13,2.81,4.1,3.09,4.2,2.1,3,4,27,17.4,88.8,69.1,61.8,0.65,66.2,0.365
E378,Male,44,Support,Remote,6.78,6.41,2.86,4.3,2.64,9.0,5.6,3,5,43,17.0,88.5,62.1,72.1,1.06,80.1,0.221
E379,Female,26,HR,Remote,5.88,7.67,0.0,3.0,3.52,13.2,0.0,3,12,29,17.4,96.4,65.3,65.9,0.77,67.3,0.318
E380,Male,40,Finance,On-site,7.65,10.37,3.2,3.4,3.47,13.9,0.6,4,15,62,12.8,85.6,57.9,72.6,0.74,74.6,0.248
E381,Male,40,HR,Hybrid,8.63,9.17,4.86,3.7,4.84,5.7,3.8,2,4,39,16.1,86.1,71.3,68.9,0.94,72.1,0.351
E382,Female,32,Support,Remote,6.74,9.47,3.15,4.3,2.89,9.3,6.5,3,17,62,23.3,86.6,61.0,75.9,0.71,61.4,0.376
E383,Female,38,Operations,Remote,7.94,7.71,1.35,4.0,4.43,5.2,2.5,2,16,49,5.7,100.0,52.5,78.2,1.03,80.0,0.294
E384,Female,25,Operations,Remote,6.31,6.65,3.28,5.8,4.1,19.5,1.3,4,11,28,27.4,81.9,78.9,61.1,0.95,62.1,0.291
E385,Female,42,Finance,Hybrid,6.7,9.35,3.77,5.3,5.75,10.9,5.0,4,10,39,22.9,89.7,79.4,71.0,0.72,71.4,0.252
E386,Female,34,HR,Hybrid,6.19,9.62,3.11,3.7,2.85,7.4,3.6,2,12,15,7.3,91.2,86.7,60.4,0.64,71.8,0.346
E387,Male,31,Operations,Hybrid,4.87,9.56,2.41,6.1,2.5,8.6,5.6,2,17,43,18.1,88.5,54.6,68.6,0.51,56.6,0.468
E388,Male,43,Support,Hybrid,6.96,8.75,2.21,6.8,4.51,9.0,0.4,2,11,30,22.2,81.5,62.8,63.3,0.8,68.0,0.41
E389,Female,29,Marketing,Hybrid,7.13,7.34,2.2,0.9,3.46,9.2,5.4,3,18,23,5.1,86.2,73.5,61.4,0.97,77.0,0.309
E390,Female,24,IT,Remote,8.07,11.43,3.34,5.4,4.54,5.8,0.0,2,20,63,15.3,84.1,62.5,74.3,0.71,66.9,0.305
E391,Nonbinary,22,IT,Remote,7.8,9.08,0.81,3.0,3.86,5.0,2.4,2,3,56,14.4,100.0,78.6,83.2,0.86,79.8,0.257
E392,Male,40,IT,Remote,7.81,8.29,2.05,5.2,0.47,6.2,3.8,3,3,55,9.8,80.4,77.5,80.6,0.94,79.7,0.213
E393,Male,25,HR,Remote,6.03,8.3,4.41,5.9,3.45,1.3,3.4,3,7,52,15.7,75.9,77.2,75.3,0.73,58.1,0.399
E394,Female,49,Finance,Hybrid,7.46,8.68,4.46,2.7,3.37,10.6,5.1,4,20,22,10.2,84.9,91.9,63.9,0.86,71.5,0.166
E395,Male,21,Operations,Remote,8.58,9.78,0.73,1.2,3.16,3.0,0.0,3,9,34,26.0,84.2,79.7,68.8,0.88,69.0,0.246
E396,Nonbinary,49,Marketing,Remote,7.38,8.73,1.14,5.3,2.84,1.7,3.3,2,4,35,10.0,87.0,72.3,72.0,0.85,71.0,0.286
E397,Female,37,Support,Remote,8.83,9.53,2.18,4.2,1.09,6.9,5.4,3,15,14,21.3,80.4,67.1,52.8,0.93,58.2,0.356
E398,Male,34,Marketing,Remote,9.02,8.68,3.57,1.5,4.05,6.3,3.1,3,17,32,1.8,86.1,68.1,68.9,1.04,64.6,0.293
E399,Female,31,Support,Remote,6.73,8.37,0.31,7.8,3.45,8.2,0.7,3,2,32,13.7,86.3,54.0,65.3,0.8,73.9,0.282
E400,Female,38,HR,Remote,6.3,9.27,2.43,4.9,4.32,4.2,5.0,2,4,42,15.1,94.1,43.5,70.2,0.68,68.9,0.342
