id,work_env,time_block,team_size,day_type,region,sleep_hours,distractions_per_hour,meeting_hours,focus_score,output_per_hour,job_satisfaction,years_experience
1,Home,Morning,Small,Weekday,North,7.134192767253184,3.3814472617821982,3.692137402161712,73.3291341829323,7.233805484834577,80.78379433391436,6.719495080619923
2,Home,Morning,Small,Weekday,North,7.043935560954382,7.119787794459137,0.0,76.133934841694,9.833784084776356,75.10181596070413,5.493771232513088
3,Home,Morning,Small,Weekday,North,6.720901432925146,3.935446232751787,3.1718675857891467,73.02140395285365,9.298541098820179,67.74862695409875,4.926220317195174
4,Home,Morning,Small,Weekday,North,5.585616496268604,0.8433869377875483,1.228264429205757,71.25405186109303,7.517457240767513,64.81833566979522,4.78996372549906
5,Home,Morning,Small,Weekday,South,5.607536115936966,3.7803622596711777,3.266424033746072,65.4236690308902,8.26967049636112,81.27298392777615,4.07327565388961
6,Home,Morning,Small,Weekday,South,6.799989401511522,3.827478414825017,3.4557381195578403,66.63246691902727,8.42495049148339,77.2227006677852,5.089335615841786
7,Home,Morning,Small,Weekday,South,8.198812768414408,2.691299470711786,1.2399031905377882,60.75281341009057,7.9954129007842285,79.07812712473628,1.4308384423893101
8,Home,Morning,Small,Weekday,South,6.361209968524193,5.329277661903964,3.168501637658566,78.38260031125037,10.305055483496004,64.52980802514588,6.771294148992317
9,Home,Morning,Small,Weekend,North,7.713929658249864,4.424654183697884,0.0,79.9768766798148,9.657525657523475,73.5957466112207,5.205553667066896
10,Home,Morning,Small,Weekend,North,7.081759142350899,4.8774739667246925,0.16085980463253025,78.0205304429467,8.701040031562908,72.47412526739102,4.685703034635311
11,Home,Morning,Small,Weekend,North,8.186201543277518,4.937522882768499,1.0685674678648625,91.98519025816377,12.0,64.61969894807413,5.210403956858949
12,Home,Morning,Small,Weekend,North,7.983131811622519,1.9880031170412718,1.177980985757753,94.57197901491782,6.882992777630646,84.16985542567843,4.930137017026762
13,Home,Morning,Small,Weekend,South,8.40186799620269,1.3434097284706614,0.9067268073717591,83.0554709025445,11.201496269824197,95.91802116131281,0.8006614238970409
14,Home,Morning,Small,Weekend,South,5.3218855571164845,6.542870773767799,2.214608621330185,75.08937991902921,5.757255698707359,79.39595341431533,2.8501019885578796
15,Home,Morning,Small,Weekend,South,7.083380799019166,4.39706756069741,0.3451875718883538,81.82831239206034,8.070030904830848,75.75931320031356,3.5925185552236614
16,Home,Morning,Small,Weekend,South,5.815083429460326,3.3569951376411495,2.868384572750635,59.73797436901363,8.642728737651327,79.59548957663871,3.027648665717133
17,Home,Morning,Medium,Weekday,North,9.208087028625304,1.8942395422040152,1.9002000472328007,92.7841440387423,12.0,70.3519140618501,4.12502433878344
18,Home,Morning,Medium,Weekday,North,6.452912359775802,4.0129949394140585,1.4205509339625977,71.98389908088664,8.280186813385068,85.1989976667835,5.1923775973446835
19,Home,Morning,Medium,Weekday,North,7.122067589713919,5.090037364302125,1.9541444351993587,53.43422361224165,3.9592622467757494,80.26180411366306,5.837820191560278
20,Home,Morning,Medium,Weekday,North,6.509850600959053,6.880101944826265,3.205047531259038,77.8125917592717,9.680277120617134,74.8599557743561,5.159829846945315
21,Home,Morning,Medium,Weekday,South,6.401714823437121,2.3663075947764094,1.8655428776246479,69.26587525186888,7.7048665402609045,77.3067024786416,2.536882444548672
22,Home,Morning,Medium,Weekday,South,6.761109209930214,4.805622416648991,2.4060321591461995,80.61496151515625,9.34659033532327,70.43877770395925,0.1526342672934362
23,Home,Morning,Medium,Weekday,South,6.3762234398752815,7.696591680928114,3.483629340222406,92.1011746164935,7.599941983982328,81.3622614926917,8.021195044751448
24,Home,Morning,Medium,Weekday,South,7.558167004837046,4.763698346440845,3.204472892866688,75.28969488641616,5.440789869323761,74.27166667083124,5.119224448123772
25,Home,Morning,Medium,Weekend,North,6.3523802989824665,5.113337352093296,1.0921898619173516,82.88239726437003,8.157365358525082,80.1847907149363,4.252174611212857
26,Home,Morning,Medium,Weekend,North,7.192946684949966,3.1078370860471387,1.486148356497398,80.2770874052604,7.572765918524175,82.16147665116495,3.1044042140755908
27,Home,Morning,Medium,Weekend,North,5.771351688401899,2.6782920647135198,0.7084948920940294,76.49277485358678,6.410777444517089,79.30718814554612,5.775557856809743
28,Home,Morning,Medium,Weekend,North,6.525835223534958,6.3615699854815215,0.6004563491072827,72.7940099660938,4.665667900823257,76.13368443456544,1.8610448989621489
29,Home,Morning,Medium,Weekend,South,5.5440535852945905,4.761754868362023,0.0,84.56722949562065,5.629386973894961,80.74769502187412,7.579133115944616
30,Home,Morning,Medium,Weekend,South,8.09717204016576,5.608374026629808,2.0393211563083575,77.27557923054916,8.041762701693266,75.66549100225586,4.93515057152371
31,Home,Morning,Medium,Weekend,South,7.731805726015476,2.990457239180674,2.7292922365364904,63.91197718712685,7.086698266751308,90.22896958779063,2.117231705525268
32,Home,Morning,Medium,Weekend,South,8.061678211590737,3.082423584501535,2.6074775735982048,74.73689726503247,7.434621411941965,55.491150979578194,2.9687003447946663
33,Home,Afternoon,Small,Weekday,North,7.291614766162483,2.1460972607027067,1.5933818025081834,60.016201145288896,5.243763665373633,81.0600206959893,1.9407816223639882
34,Home,Afternoon,Small,Weekday,North,8.766041347463576,4.324834835618372,3.9193282136323058,53.55288256376878,6.48374929380248,76.73272694422022,3.949589792960961
35,Home,Afternoon,Small,Weekday,North,6.671383445242417,3.245866378259347,3.244323121892117,58.11394023446509,6.145761308197903,71.46991807693445,4.604448468425846
36,Home,Afternoon,Small,Weekday,North,6.747336786144584,4.050035367629143,4.74326542623227,77.92532893574274,9.4114147393199,82.08384538875649,5.974493505602732
37,Home,Afternoon,Small,Weekday,South,8.147486287129702,8.34406748454708,3.461748267367308,75.94975215225116,6.514710639447895,81.08828347994105,3.2215120599346285
38,Home,Afternoon,Small,Weekday,South,8.362380291705493,7.477545049438838,1.767579095014286,60.380895745736595,7.867623975784493,73.85026803842177,4.737972572779257
39,Home,Afternoon,Small,Weekday,South,5.906334274822497,2.599763281221676,2.9522538718117493,80.89788377207667,7.672730344576003,59.29936911432219,6.438899367165897
40,Home,Afternoon,Small,Weekday,South,6.411094874600048,4.998016829230891,3.3264137521589605,71.20920713781013,8.324287735552433,73.23003370838455,4.527102895003232
41,Home,Afternoon,Small,Weekend,North,8.276954603942293,5.273438184782343,2.0820980182158424,64.30455472824313,4.858080321248063,88.67041295674727,4.2972832964268655
42,Home,Afternoon,Small,Weekend,North,7.435308690360979,3.4330799768892097,2.1439285874549445,77.89356673321129,5.898015347247888,78.97874289743078,3.434767842769643
43,Home,Afternoon,Small,Weekend,North,5.52229744768099,1.4537658454086637,1.0331547654939148,76.99893708302133,6.661179686996602,78.0312347201838,6.6618395873313645
44,Home,Afternoon,Small,Weekend,North,5.954749391151878,1.9983981026620774,6.410637994878407,72.97460508079362,5.587682370734276,77.27911002351614,4.794931199580517
45,Home,Afternoon,Small,Weekend,South,5.288190962162736,4.130847565088599,2.2975573957634774,86.79632752449706,6.270724363473164,79.23119836897301,1.6979812240433092
46,Home,Afternoon,Small,Weekend,South,10.013121452537828,4.136765847188841,0.5250164584812551,78.9372535367905,9.28517111686059,78.0995954901032,2.468877127164136
47,Home,Afternoon,Small,Weekend,South,6.343260687751364,6.489192613273842,5.130175778352315,39.2251205901518,3.5819344450020174,63.92932435062504,4.422843104015153
48,Home,Afternoon,Small,Weekend,South,7.72226251440515,5.876224014514032,4.212504472393752,79.0409192483243,7.246618566788417,76.27365463472938,3.6534730387517995
49,Home,Afternoon,Medium,Weekday,North,7.440179928874527,4.367961381492206,3.5947067008346365,84.88469259471506,8.497630202316886,75.6476848491796,6.59055958283755
50,Home,Afternoon,Medium,Weekday,North,6.308623161337968,0.0,2.073139186354947,85.08238055202163,9.465817905150075,74.40753719574863,2.868015447067699
51,Home,Afternoon,Medium,Weekday,North,8.145983738409203,0.5454256107584046,3.3830377226604815,73.80127698141331,8.656337259614503,89.43882972955103,4.875975559066784
52,Home,Afternoon,Medium,Weekday,North,8.940294881617497,1.0441915392430352,1.3899076258856482,86.81091866616694,9.096064655974331,85.47388259109552,6.851676491440546
53,Home,Afternoon,Medium,Weekday,South,6.974115636395957,5.706417379286154,0.9500142830263723,68.19948163481655,7.94930888549991,78.83556580610693,4.439509927046999
54,Home,Afternoon,Medium,Weekday,South,6.982777855119104,6.266559102031316,2.8823108603067076,74.31696340329036,6.438484514478146,69.96036770465216,4.633602244227866
55,Home,Afternoon,Medium,Weekday,South,8.84373877799061,5.608094314510735,4.189350091335154,63.9858799531571,5.353023031609467,74.92034224116277,3.7968090093677413
56,Home,Afternoon,Medium,Weekday,South,7.356654420713392,3.829570091633009,1.2529865442404013,74.40029830469268,10.817158134644805,54.21256637845005,5.228727438920109
57,Home,Afternoon,Medium,Weekend,North,7.539111648107923,3.6144379686956416,2.660790545696115,75.9913036555325,9.372372688722507,79.07664132934677,2.9199082827731537
58,Home,Afternoon,Medium,Weekend,North,7.533399942477812,5.477432133349659,1.1245924233458822,71.97112294345594,4.985636395477894,75.30442996381896,4.745715776869769
59,Home,Afternoon,Medium,Weekend,North,6.872711526552069,3.547004296510432,2.044309007503219,89.17436902418137,9.418516241857875,89.08940630309276,5.506959590648491
60,Home,Afternoon,Medium,Weekend,North,7.707667362014593,3.997188008906106,1.5551785749321905,83.95091386925027,7.509734885093731,63.652033608062396,3.7806020111306893
61,Home,Afternoon,Medium,Weekend,South,7.060917202282977,2.2331246584191957,2.3156255842810607,60.068097129992374,5.8816973054510004,73.42106974427243,1.167791587597594
62,Home,Afternoon,Medium,Weekend,South,5.438238300210391,1.7335236602760848,4.912025695029531,89.07662652809768,6.165503348107723,73.11599941319292,5.496447436142716
63,Home,Afternoon,Medium,Weekend,South,6.921112779062257,5.286848531187203,3.788865378769742,59.40951831121793,4.641233269995455,60.248492995707636,1.1094455586693117
64,Home,Afternoon,Medium,Weekend,South,6.752242259810429,3.614767407887817,0.0,79.71712001755692,9.391174877817146,89.10663836229458,5.872426302879955
65,Home,Evening,Small,Weekday,North,6.64274704416332,3.74614137454101,2.385519559446366,67.81757686537513,8.949285775552193,89.92316741326026,2.519386246848317
66,Home,Evening,Small,Weekday,North,7.365867571134309,1.0024715070271726,2.5426405544691755,75.26232732284745,5.940096066688851,97.15284429358343,3.615570450537891
67,Home,Evening,Small,Weekday,North,7.82019992747773,0.0,1.5473259819670444,86.38710089957482,11.879172919697302,70.55647742079232,4.282739695496863
68,Home,Evening,Small,Weekday,North,7.783404510887303,6.084332624928146,0.0,89.50004828218295,9.397000644360961,77.15487875376758,5.445086313119516
69,Home,Evening,Small,Weekday,South,7.887963490393972,6.197815522987071,1.9212649137171744,57.00650206697708,8.15278929376966,69.82051142869722,0.918492049250772
70,Home,Evening,Small,Weekday,South,5.019173046387563,4.874667352959087,0.5365344075234943,60.09546372101005,8.643068055931849,67.58775451352824,3.788504091540412
71,Home,Evening,Small,Weekday,South,7.456357495159367,6.445168080368729,1.3802230941944613,73.12002601730093,6.8959349016728355,64.40341068729705,2.812040113135198
72,Home,Evening,Small,Weekday,South,8.259951273901077,4.737959839914019,1.375503753865531,65.6436524251867,5.60724877044405,67.46727965626343,5.46562233857382
73,Home,Evening,Small,Weekend,North,7.453427217974953,5.227994273331819,0.03110618986548208,84.09694851568206,7.8750429326894995,87.05360490210299,4.59169178819692
74,Home,Evening,Small,Weekend,North,6.81263754939231,3.838720783300426,1.6147162774046255,81.91865594959366,4.925159813858869,90.07935050978006,3.7739577294361855
75,Home,Evening,Small,Weekend,North,6.318728513746351,4.980400175710074,0.0,88.39523945843533,9.776143112246313,85.76041425125558,3.6706043000461355
76,Home,Evening,Small,Weekend,North,5.542856730042706,2.2174783190416907,0.3986681113877887,86.21968318076517,7.931319971274782,77.59797812709861,2.4356638914434052
77,Home,Evening,Small,Weekend,South,7.587535732103507,2.213368417940891,0.0,83.32524056804873,8.486290910150476,82.91478476900734,2.0967619243434688
78,Home,Evening,Small,Weekend,South,8.178383117529593,4.065568568970849,0.2713572978872407,62.205785922094066,5.237648749195553,84.21808862109249,1.2853982819221978
79,Home,Evening,Small,Weekend,South,8.202644129537584,3.418458433322426,1.0559229919419453,89.94696212049567,7.646594533575188,81.62986475608417,6.153413784827491
80,Home,Evening,Small,Weekend,South,8.425278924116556,3.7831317080144147,0.20628200878799874,83.96514532437828,8.743074375624605,79.2111521169056,3.264858399266295
81,Home,Evening,Medium,Weekday,North,7.656420135340372,4.893807005960993,1.082954209987806,60.664111921479694,3.908208285452882,62.73105944563741,0.8008025121546676
82,Home,Evening,Medium,Weekday,North,6.181836076774825,5.022817909301785,0.870586439210868,87.59390553442134,7.958768750922871,88.46865272788651,3.6430502183512767
83,Home,Evening,Medium,Weekday,North,7.388431741888911,2.8326974652538857,1.8666675525147913,79.16778579331597,5.611418154451503,87.69463949828773,1.760353001286413
84,Home,Evening,Medium,Weekday,North,7.678187942570624,7.395429451851639,3.21964383898402,55.47415025942557,7.174882363622457,56.53949806192145,0.0
85,Home,Evening,Medium,Weekday,South,7.352156611646002,1.2816670498513218,2.8271082865428294,44.81516669653894,6.117506490237047,92.30997815413254,0.6772212766264225
86,Home,Evening,Medium,Weekday,South,6.504330424358317,3.9176914686755504,2.343924425313072,78.09195698137441,10.716212287166794,64.8935070651967,5.660331093271246
87,Home,Evening,Medium,Weekday,South,7.663896944017068,7.406479561018315,0.34835062814182916,91.20282667001953,7.05034056556275,93.37512213856718,4.6902708598671365
88,Home,Evening,Medium,Weekday,South,7.1561461181389765,4.909379139380597,4.15448362884419,70.555894566717,9.579094476467896,86.41891342671899,3.6735033223111553
89,Home,Evening,Medium,Weekend,North,7.993149417916258,6.127054226043009,0.0,63.440105747544465,5.998789516232229,65.16052049018559,1.198900232118814
90,Home,Evening,Medium,Weekend,North,6.916313471271855,2.2659576262038668,3.5192262674817774,68.39232849710118,5.328305212177201,85.87216741970975,1.4426097475024293
91,Home,Evening,Medium,Weekend,North,5.680102443901552,5.053865974187849,1.1279954521475963,75.36169772278981,5.456742524891493,78.37354389840566,3.933315935157532
92,Home,Evening,Medium,Weekend,North,6.725368817757912,2.9199756312900447,1.2666457844279535,74.56191486391918,7.194898658179065,96.55052014080366,4.936230474783786
93,Home,Evening,Medium,Weekend,South,6.608768129214188,0.2592963831861317,3.301947738101047,57.18264505315669,3.2637050715077844,73.0242595534984,4.613316128878711
94,Home,Evening,Medium,Weekend,South,9.53997678149307,3.600329168746415,2.970497944184266,50.45081264873595,1.0,82.45375754172518,4.782733944790657
95,Home,Evening,Medium,Weekend,South,7.2848595425053,1.2298810440143595,2.8525168865999766,83.80500953621895,9.776132217892197,70.24808915889818,1.4030016643746386
96,Home,Evening,Medium,Weekend,South,5.991882961934493,5.5513956229557495,0.0,61.94807259877422,7.258097114642816,75.85539142411866,5.688654101263525
97,Coworking,Morning,Small,Weekday,North,6.667221623338353,0.0,2.5088472008112563,76.60212598610286,8.591441059567002,82.44704128008966,2.2086306347513966
98,Coworking,Morning,Small,Weekday,North,5.846179644824851,1.1512984599203673,1.794944995385161,95.98885829159036,12.0,77.31056430954598,7.426876277190887
99,Coworking,Morning,Small,Weekday,North,6.208927160683775,2.638339628404572,1.3024647447061068,94.53482059114003,11.263920349355395,80.01408171113418,4.0321059372919485
100,Coworking,Morning,Small,Weekday,North,7.446012196219428,4.782722235611315,3.294038220886119,71.27305194332061,8.765341468717706,97.43002253978447,3.883820387394991
101,Coworking,Morning,Small,Weekday,South,7.521599146172401,3.116978596909251,4.864599278633592,63.65995894367083,9.349969070470708,66.72571446017868,3.628293233223624
102,Coworking,Morning,Small,Weekday,South,6.602777485521562,1.7257241066529292,2.035202997697029,74.61478671129464,8.329530173969841,86.96856473420375,4.652650772648046
103,Coworking,Morning,Small,Weekday,South,6.378999789127242,2.103224211788705,4.849860680951998,88.67508868063268,12.0,76.41403807913478,2.85556187859016
104,Coworking,Morning,Small,Weekday,South,5.680608665844552,4.8420480671301345,3.074477691203618,74.95252597504656,11.104707072407543,88.93538422446773,4.906028262161898
105,Coworking,Morning,Small,Weekend,North,6.045617959145199,1.6816606992488947,1.626905060409002,79.1954612015065,12.0,86.5299834673222,6.858976614071464
106,Coworking,Morning,Small,Weekend,North,5.310954040475565,2.383942910477511,1.218195066847011,74.05549479388947,5.453538443499777,84.7179844338419,4.166915018147762
107,Coworking,Morning,Small,Weekend,North,6.160310259903686,1.3899170198269484,0.6168991285287184,88.90841587820586,10.014681280917507,72.69286117851745,3.2599177816479865
108,Coworking,Morning,Small,Weekend,North,6.155189308492034,2.926658476202254,2.6571314311162304,78.89097956287068,7.592549063887631,75.02333923914966,3.061171178315478
109,Coworking,Morning,Small,Weekend,South,7.316543726659613,1.182241606835925,3.4956755459013915,71.03324951883002,10.235003314828159,78.3819834140414,0.313149979765897
110,Coworking,Morning,Small,Weekend,South,7.1420835541880425,2.932901639315923,0.0,94.73789179627715,8.452945380490364,92.02796086344819,2.83336140579857
111,Coworking,Morning,Small,Weekend,South,5.972857871251996,2.600117411030331,2.0576590143790128,84.3852739818309,7.50406704294867,68.95121127915019,2.5319777485595707
112,Coworking,Morning,Small,Weekend,South,5.2329372988558545,0.03146188305952524,0.0010599189706459455,84.83200056276533,8.06849340803777,60.55470739272858,1.592577500697895
113,Coworking,Morning,Medium,Weekday,North,9.583482641948429,5.631618824477118,0.9678378743539815,89.00221408210538,7.861899023860243,64.42415954884292,2.3302926774575337
114,Coworking,Morning,Medium,Weekday,North,6.09993324966042,1.9443438549438403,2.195361002519666,78.2415532974799,11.307543667187424,63.966445527639934,6.2589715869351155
115,Coworking,Morning,Medium,Weekday,North,6.716198219446828,6.672975161863111,5.423802146528805,74.71152176495038,7.600547596328904,81.40679437747859,1.2330487601537072
116,Coworking,Morning,Medium,Weekday,North,4.9979864889998495,1.0154089443850176,0.8629852199410983,71.81117983320206,8.138153272140013,80.91665893890291,4.552853549947915
117,Coworking,Morning,Medium,Weekday,South,7.800678748319527,4.5167762184246,1.3723624277163402,76.67462331680305,11.355774238745106,68.22581000683486,4.525345153628444
118,Coworking,Morning,Medium,Weekday,South,4.3367749136114755,4.144177235554072,5.396642542171987,64.97454469026272,9.00873948507378,79.12825236296847,3.046581591299147
119,Coworking,Morning,Medium,Weekday,South,7.5613413034417105,3.6621456075465963,2.69902235160187,68.87842513658823,6.4397300318530455,76.58535816840777,2.9729087561654826
120,Coworking,Morning,Medium,Weekday,South,8.068450138395912,4.207766891860527,3.2421708665662763,100.0,11.29514296937494,88.77238265343725,5.294608648888764
121,Coworking,Morning,Medium,Weekend,North,9.057099974972578,4.779283722091323,2.1438890630346714,94.98700796146481,9.844770357030715,82.34651873823412,4.1061262136934165
122,Coworking,Morning,Medium,Weekend,North,7.190839576386607,2.445502242037696,3.2529682246881295,57.57301804469165,6.110603802161999,58.80963667974706,1.588801617378373
123,Coworking,Morning,Medium,Weekend,North,6.095304045348742,4.835580901925218,0.6079964865603722,62.105572456022095,7.3904221107707055,80.36239034873104,4.042167968454404
124,Coworking,Morning,Medium,Weekend,North,8.567471704389781,3.0596123883794237,2.113565788679302,80.362679094764,10.503783608861514,71.58497578749576,5.859943540650831
125,Coworking,Morning,Medium,Weekend,South,7.630238597717196,2.345704515066538,2.125518103007811,100.0,8.75358886782304,82.31973715125338,3.831746038257219
126,Coworking,Morning,Medium,Weekend,South,7.386887820844373,3.5848618414758096,2.4002791405597472,88.17625828367655,6.263241864227119,78.68865491511256,5.238473529551696
127,Coworking,Morning,Medium,Weekend,South,5.878318438703307,1.0939280932674529,0.2782106225646124,81.27223606563598,11.333024446552074,83.1491644242331,4.489191556235492
128,Coworking,Morning,Medium,Weekend,South,7.409321691098667,0.0,0.5880610506290069,83.13438967316759,8.837196589125655,89.38127425990724,6.832292891107832
129,Coworking,Afternoon,Small,Weekday,North,9.252547774752205,6.540513782409225,5.838178361543833,75.89785601412501,8.419757920467768,97.44126466923964,1.3673323160641275
130,Coworking,Afternoon,Small,Weekday,North,7.194374917383581,1.2604027387314596,2.798872069157075,81.50257441802668,8.710504826078973,79.6458283627618,3.0802940717634297
131,Coworking,Afternoon,Small,Weekday,North,7.474235232646095,1.8987924406309786,4.32941813096704,82.0682423005406,5.769068954074522,79.87366363674009,1.910418186613727
132,Coworking,Afternoon,Small,Weekday,North,6.294435847857324,0.0,1.7722713760747595,68.54240074191276,8.359267706787394,80.89588882400759,4.114489248564201
133,Coworking,Afternoon,Small,Weekday,South,5.646063818014683,3.2471293539918302,1.4860961800817984,66.22611539618696,6.313107668465312,82.68277110888029,0.0
134,Coworking,Afternoon,Small,Weekday,South,8.081316274931174,3.7650384812522297,1.4006920839821757,77.51418726216497,6.48186841697418,84.60845968511069,5.5143871422376165
135,Coworking,Afternoon,Small,Weekday,South,7.203362263055107,5.002572573029907,4.46281610147199,79.03955002877123,10.54923417553624,82.88000025438319,3.0609712933403124
136,Coworking,Afternoon,Small,Weekday,South,5.849975648829071,2.2430106064613606,3.9237694750644074,73.21781489692137,8.872315785607661,88.75188048264931,3.2527008023816917
137,Coworking,Afternoon,Small,Weekend,North,8.4133180969689,4.872212500806324,1.5761968849222232,84.38351937395835,7.971892268932982,90.19220487250905,5.825657392830674
138,Coworking,Afternoon,Small,Weekend,North,7.608103267637185,2.764147255938445,3.4632382072072154,80.90067038739497,4.912720848635642,77.01369894391223,2.5146843050635264
139,Coworking,Afternoon,Small,Weekend,North,6.165809042055477,7.0780654874650795,0.0,72.81825444419464,7.624838073981858,86.56540916879418,2.077948637979043
140,Coworking,Afternoon,Small,Weekend,North,6.988496709844758,3.571103217941671,0.04614306534466239,76.31368715853445,8.743632664595284,78.70824068632571,5.047261265885368
141,Coworking,Afternoon,Small,Weekend,South,5.723539300297777,4.442634020496954,0.4920956183138647,78.06126808049869,8.388927758166348,59.0232655355467,0.31432919922744373
142,Coworking,Afternoon,Small,Weekend,South,4.418469503151737,2.026013497507479,1.3767525434449719,79.0626049154405,7.473878182536895,66.65602320496474,2.767426905076261
143,Coworking,Afternoon,Small,Weekend,South,6.225452501233779,2.9743316980852,1.9006151245419276,99.73055065461233,8.854652735903507,80.89647530172287,4.296238546430622
144,Coworking,Afternoon,Small,Weekend,South,6.1073306048310565,4.125096562025091,2.485034268845469,72.37060485776091,7.877437558224694,76.89960736043203,3.2879419150165967
145,Coworking,Afternoon,Medium,Weekday,North,5.219804261514632,5.395649899095322,6.004523037857968,60.38412887131988,2.813070138515264,61.75635082021577,0.0
146,Coworking,Afternoon,Medium,Weekday,North,8.455910475560655,5.463415867428946,2.5783694722624104,71.33209230378806,8.898635851410308,73.71077013794117,0.0
147,Coworking,Afternoon,Medium,Weekday,North,9.493451584420065,4.39415822232922,1.2291048661650077,90.19592342105892,9.248756423945173,86.82884476860382,1.9440080285931645
148,Coworking,Afternoon,Medium,Weekday,North,6.569162722717839,6.72368345721538,4.81989676565219,79.52194857483457,6.78019144651721,65.33525145986042,1.629451086402672
149,Coworking,Afternoon,Medium,Weekday,South,5.930627067022384,4.716509105181421,3.757169128391708,54.71936533558242,6.736369741072228,73.3177155821106,3.5507296103203463
150,Coworking,Afternoon,Medium,Weekday,South,7.190127742755117,4.867895243277989,2.7375036872299967,73.52789299074325,8.394277854578984,69.32042470316165,3.9526054848436765
151,Coworking,Afternoon,Medium,Weekday,South,7.495777780772642,4.670498146016593,0.2502904312648395,73.77509082985308,10.082842934837055,74.34697775971998,3.757695951841001
152,Coworking,Afternoon,Medium,Weekday,South,7.004257477002893,2.995526336570434,2.9845866701062116,56.169848630830245,10.207992939073556,59.24401638069454,4.423379875814668
153,Coworking,Afternoon,Medium,Weekend,North,6.758478059975451,4.421083247538038,2.694022116125528,81.57286802287574,9.692543283367023,79.75020603701287,5.306276600570273
154,Coworking,Afternoon,Medium,Weekend,North,10.006642622565641,2.750464739759228,2.4955925752107637,71.7962391215376,7.572761061291079,88.87881429979073,1.9731764078207745
155,Coworking,Afternoon,Medium,Weekend,North,6.389791410951195,4.379189367114806,3.1418354906563493,90.20792806693902,9.636012001325003,79.99599387105562,2.5780885638548314
156,Coworking,Afternoon,Medium,Weekend,North,6.7706269642213694,0.9428362268754107,1.9722178685960574,78.18607384444131,7.2101346350444695,74.60376625679342,4.430525603312305
157,Coworking,Afternoon,Medium,Weekend,South,6.670691230927819,4.9863529444984165,3.1051460374964486,68.41952096584825,4.845043659548066,73.21288198804925,7.380138840836865
158,Coworking,Afternoon,Medium,Weekend,South,7.344071781369699,5.030555153375548,1.9553036570392823,76.71603485831895,5.528029886399803,72.81386737789073,3.309342140734493
159,Coworking,Afternoon,Medium,Weekend,South,6.442460019356542,2.978254753084068,0.6825727076695849,84.57693171290893,8.218781907232055,69.5641801561279,4.361876777687331
160,Coworking,Afternoon,Medium,Weekend,South,6.483585943692615,4.806726608553565,2.82800601158575,70.92774217566686,4.370946976073905,88.755897095098,4.248701991046895
161,Coworking,Evening,Small,Weekday,North,7.397886305010189,1.4325174087812282,2.2971716164999654,74.64260666956869,8.834266528973462,85.3516557023386,4.812143759524328
162,Coworking,Evening,Small,Weekday,North,7.160181849413114,3.9347773689405594,1.5862433476364335,84.95348937980508,10.015413001161477,99.53767328339785,0.0
163,Coworking,Evening,Small,Weekday,North,8.524342290872006,0.8116164806079329,3.1256235513595385,88.60476431035082,10.559832671014194,73.01059083201322,6.695327615227642
164,Coworking,Evening,Small,Weekday,North,7.686645972081891,3.0778956874334824,1.2954745338163733,75.2610357470849,8.87805324464432,72.41240497100472,4.836132292895629
165,Coworking,Evening,Small,Weekday,South,7.64491317252221,0.16756261739143774,1.53349330925188,72.42220233720246,9.35434349413043,76.03006472367584,0.16482428542100225
166,Coworking,Evening,Small,Weekday,South,6.989364775934987,1.2087464604096858,3.9403511923218537,83.76448926783867,6.1839033319618935,72.94761425236291,4.137584740902881
167,Coworking,Evening,Small,Weekday,South,7.26359746636679,4.511646343441612,2.166678587316501,60.83337379996824,7.099325015856571,71.09907277505037,2.2966394407483435
168,Coworking,Evening,Small,Weekday,South,5.159616249891752,5.610352777210213,0.8628981366199608,63.300858365572935,10.434101308971233,70.18008449222413,3.6258516812625357
169,Coworking,Evening,Small,Weekend,North,9.038144041646754,4.250285267038234,1.690000630239433,87.65155719001032,10.850763936818462,93.98750016167108,5.0787779286348975
170,Coworking,Evening,Small,Weekend,North,6.753286283985082,2.1029445219900005,0.0,89.08289695143657,9.479926920425132,79.82893633640045,1.4997303186763942
171,Coworking,Evening,Small,Weekend,North,6.74980351089469,3.500156824927594,0.7312233234245142,58.612695298675646,7.461233042903133,61.76027517712754,2.7200149852002973
172,Coworking,Evening,Small,Weekend,North,6.941749578054355,0.914033440756268,0.6196110090526727,67.95280488129683,6.626282138627446,66.22663123215214,2.7309633376483564
173,Coworking,Evening,Small,Weekend,South,9.555268494044583,1.7001897157727226,0.2398947454837702,72.21500732226366,3.3884774021293467,74.42704864175947,3.1579382755809258
174,Coworking,Evening,Small,Weekend,South,7.403678180838379,0.5096402655171803,1.0980390418848982,78.25999671814458,8.52046495764773,81.62257317300639,0.9785226531384934
175,Coworking,Evening,Small,Weekend,South,7.527607466344048,1.8792067300650097,2.2339900500787784,80.32543883580857,9.09756450982855,74.72298509899844,2.576233261094566
176,Coworking,Evening,Small,Weekend,South,5.807183375124161,1.0806324258886701,0.0,70.610564156858,9.07802557189854,75.21192886521601,5.21018134228071
177,Coworking,Evening,Medium,Weekday,North,4.842461101954119,6.7237888554883,4.980461155840507,58.16446014753797,5.9908505732847726,78.03877709577809,5.451899372975475
178,Coworking,Evening,Medium,Weekday,North,7.98387517399409,4.840563215712891,0.8643656471988692,80.88069461778763,6.057164055990073,73.21339355114036,4.0502311853696025
179,Coworking,Evening,Medium,Weekday,North,7.358424973826476,4.912220055527197,2.9675496946403555,76.08940594732287,7.520577821127029,63.57876107490278,3.972925919683717
180,Coworking,Evening,Medium,Weekday,North,7.704204875329454,3.418556690389512,4.853080753538449,71.78025521288296,10.039254544281984,88.09616611014032,6.779164434350973
181,Coworking,Evening,Medium,Weekday,South,7.428092471214332,4.42779770227266,1.2933536296417758,66.95840933082047,7.391116903574534,73.9352260234957,5.400005252931662
182,Coworking,Evening,Medium,Weekday,South,6.617479904369844,3.9746004839394877,1.2076760996839482,69.93800275870713,6.849249138518636,78.993005353219,0.0
183,Coworking,Evening,Medium,Weekday,South,7.774586507676822,3.411221311065378,1.2315475920681458,73.69590841776137,6.6772833487274506,62.37857183059893,5.666758701252087
184,Coworking,Evening,Medium,Weekday,South,6.98539608499193,3.192580157305945,5.077991458576612,65.54931494699238,6.160182206850383,91.18931604196048,2.2212299067012538
185,Coworking,Evening,Medium,Weekend,North,6.141471474032651,2.7455483216215946,0.47775006233317674,75.45376596386755,9.059797979375315,63.782400932553344,3.6446391767976234
186,Coworking,Evening,Medium,Weekend,North,7.062367175882866,2.650308568522658,0.8154481386077645,70.48804735396544,2.247836579119184,75.13395583487025,7.19936827013851
187,Coworking,Evening,Medium,Weekend,North,8.25881927859666,3.4491721144647065,0.0,79.9760187329538,9.533511285919094,85.37325120829807,3.0306639082411495
188,Coworking,Evening,Medium,Weekend,North,6.81288558052882,4.974352305329093,0.0,78.92788174027267,9.42368126231744,86.69767176113338,4.765873162942011
189,Coworking,Evening,Medium,Weekend,South,6.7956544713584055,0.0,0.3406980734678371,79.7527661145686,8.233475227987501,67.48435766940298,3.6671317568518904
190,Coworking,Evening,Medium,Weekend,South,7.794806427667269,1.4840545779050685,2.0676023414805176,59.86511939981767,7.643977894905062,80.2212480459047,4.162939612513035
191,Coworking,Evening,Medium,Weekend,South,6.973193043366533,2.622911164207842,1.1177751809029566,70.7767667938833,3.30504971064364,83.13303754845235,3.123787109360286
192,Coworking,Evening,Medium,Weekend,South,5.588243288696273,3.339892751145657,1.0793055214723297,57.48263123858781,7.986996973253107,80.40365639837823,3.3003870417443477
193,Office,Morning,Small,Weekday,North,7.854703908046327,0.0,2.1440608282472433,86.13064390194393,12.0,86.80099025779384,6.505346294708271
194,Office,Morning,Small,Weekday,North,6.5545186806474405,0.23219852180981393,3.5604851626572485,67.6936106471911,7.398440800583202,88.14190941047354,3.7985412800652405
195,Office,Morning,Small,Weekday,North,6.442814223944307,0.47511055446536643,3.2117801361516367,99.37103495720817,9.208123879727284,83.50052740530987,7.131501363004555
196,Office,Morning,Small,Weekday,North,8.80558698701443,5.373657295915619,1.6002518989977006,74.3832417138315,6.879741617791215,65.17163426536074,2.929706228650547
197,Office,Morning,Small,Weekday,South,6.710338636927594,4.578136117857021,2.826824559176781,89.47579005458559,12.0,89.87902254024058,5.928039381802558
198,Office,Morning,Small,Weekday,South,8.331905713558589,3.9913729949286134,4.789826578373435,67.2354147621948,6.31366469238297,59.517345170657904,0.7829458833622667
199,Office,Morning,Small,Weekday,South,5.988900136962467,1.9303453334734983,1.6723857199801717,68.98345352059185,10.145079437299739,71.84202119987998,3.9572720103454575
200,Office,Morning,Small,Weekday,South,6.954105728924284,4.478636080893544,2.7823841339659703,63.42384196847182,9.009517398354895,74.93087863198616,6.652459561955317
201,Office,Morning,Small,Weekend,North,7.2753423752785835,2.4608473966299673,1.0602220905004291,72.13720406908133,9.95967550383788,83.56431420530193,3.0672492881413875
202,Office,Morning,Small,Weekend,North,5.897878791859152,3.826056620319906,1.776348977237323,69.52241086413382,5.022370554860046,84.26419414990252,5.254646155093277
203,Office,Morning,Small,Weekend,North,7.552295383612702,2.0383970866516457,0.0,66.25923566753937,7.186514567820943,80.30691348597182,1.5486257788556115
204,Office,Morning,Small,Weekend,North,8.569084918126007,5.095819760785089,4.190558978404041,66.6065820141835,4.171797963066192,82.11037024991757,3.286396855377305
205,Office,Morning,Small,Weekend,South,7.710407333067874,4.31184211363518,4.261307903672695,92.22260106811208,7.521482976076426,79.73906667872909,8.709842551495306
206,Office,Morning,Small,Weekend,South,6.83044719041048,0.0,3.1407580713415717,96.33038415329915,8.642020868351082,85.57375329097773,7.493378303945111
207,Office,Morning,Small,Weekend,South,6.629605621643693,3.2697162188490574,3.239630003246713,63.91614310198666,9.881553088568104,78.15516093945504,4.5084407846122705
208,Office,Morning,Small,Weekend,South,7.097175330416766,6.322855993678315,1.7235500558627612,75.96928750457873,8.948155917239239,79.38297917162406,5.44132218289968
209,Office,Morning,Medium,Weekday,North,6.204583659563443,4.367212232819269,3.905679120697762,79.40808199658699,9.3992282287479,65.27996863050738,1.6865053303471855
210,Office,Morning,Medium,Weekday,North,7.645432626915896,4.335423145168621,4.929091699177064,57.17368441516239,9.315432331941775,65.92879030892367,5.693275330375751
211,Office,Morning,Medium,Weekday,North,7.693052900339735,2.321499766664264,4.6191083679809095,79.10891575910007,11.907569782361211,85.46180453798038,0.8924866766849622
212,Office,Morning,Medium,Weekday,North,5.9505894300171045,4.92478847545917,2.4916121006541965,70.96678978986571,8.444017173107152,77.00379011283827,2.1483566965397864
213,Office,Morning,Medium,Weekday,South,7.696799833658953,3.5280791804224405,5.818102677360121,71.01920837247029,4.964292739249793,62.31320716818476,5.3364107285995495
214,Office,Morning,Medium,Weekday,South,6.420391091686682,5.495322051458777,3.9031085044047478,60.811606670319634,6.525667489311114,68.35766050469944,1.653731734100627
215,Office,Morning,Medium,Weekday,South,7.239401939650064,4.153601930952626,4.164123616492301,71.64649551172906,9.738517607514177,74.542239617883,2.9259115748985502
216,Office,Morning,Medium,Weekday,South,7.24782517526855,5.040639762377024,3.5442954397191464,72.34407114652701,7.8323399941891365,70.48188071444893,7.526005716568049
217,Office,Morning,Medium,Weekend,North,6.2795994917849685,2.436711370927366,2.0137528107925973,85.66621912384167,8.311310123644185,86.92021459788828,4.022701369208659
218,Office,Morning,Medium,Weekend,North,7.364176651705477,3.4616294033156305,2.0036869312659267,100.0,11.250412135738472,87.6447007398089,5.720929529750555
219,Office,Morning,Medium,Weekend,North,7.3300622012173235,1.6601765583635881,1.283929882840525,82.27984091277166,10.14429919306666,72.67876229144457,5.707748082220495
220,Office,Morning,Medium,Weekend,North,6.9063279002357385,1.0249637673384941,2.546428484537498,59.96688825505514,6.648511954138325,57.76446789206069,3.2631097442393244
221,Office,Morning,Medium,Weekend,South,6.11059364421555,3.5042671512282495,1.4149087801461886,67.60276389744149,7.234349000292256,65.44778535151868,2.6561896717626867
222,Office,Morning,Medium,Weekend,South,6.339635720972273,2.2239642167507734,3.24539144869397,76.42437232296943,8.288597413168302,76.90002350634641,4.985822299479467
223,Office,Morning,Medium,Weekend,South,8.669358196209107,3.8085037678038454,3.3100337831535334,69.86852081251345,5.389167557160437,80.74594459186054,3.1458369962440624
224,Office,Morning,Medium,Weekend,South,7.330642208160987,3.0764142122918154,2.7869701759607133,63.89439910331786,7.627914419236934,57.611167885277474,4.034793288577533
225,Office,Afternoon,Small,Weekday,North,7.034536470169706,5.2097738981542205,3.5877400497471523,62.16344213811764,6.125966002053775,76.93998393504332,0.9261168120140102
226,Office,Afternoon,Small,Weekday,North,6.783062904221722,6.630897878068522,3.524443671885617,71.29073968626203,8.461030300779749,62.761695604636856,3.087033428341346
227,Office,Afternoon,Small,Weekday,North,7.665641737858151,1.8907201582269053,4.651447529997375,87.27215675485277,5.882604520514572,86.13492522225917,1.3053912077236327
228,Office,Afternoon,Small,Weekday,North,7.842286175575877,6.491596366640675,3.709582199653291,74.85661301605542,4.795829604671737,68.98983510704524,0.3311615602913198
229,Office,Afternoon,Small,Weekday,South,5.865184316588267,7.101976295694584,3.184847758597644,64.04778344702505,6.720588117698512,69.66755490778013,1.8276655855547093
230,Office,Afternoon,Small,Weekday,South,7.702607625527558,6.425759135129692,2.8222283982853966,58.106853334432266,6.67364337031926,76.21775873774614,5.254646595328049
231,Office,Afternoon,Small,Weekday,South,8.745948431113119,6.127500991888887,4.387460117810306,72.72957096044404,10.013023430238043,82.99612823171435,3.1783953852514295
232,Office,Afternoon,Small,Weekday,South,7.294828808833731,3.7328718226430593,5.206923579512758,83.70299706992509,5.198806732780107,66.69965620764853,5.131385775233499
233,Office,Afternoon,Small,Weekend,North,8.478679437961256,4.063815142807804,2.378483005273561,84.06426918335234,7.089377712843684,82.7061551339386,4.723979307689795
234,Office,Afternoon,Small,Weekend,North,6.913467566327569,5.385187889354032,3.12655971844532,56.693102494797856,5.090858502945718,78.35032271172642,3.644588193120169
235,Office,Afternoon,Small,Weekend,North,5.817346834041219,3.3883783046378158,3.9568784771848247,63.71074058673293,6.279405040305332,64.25574578390626,0.7111668037288417
236,Office,Afternoon,Small,Weekend,North,9.949175161348982,0.8273046077741721,2.651773723775748,71.7138101378003,10.204317326247281,74.3260117375676,1.9052129135110372
237,Office,Afternoon,Small,Weekend,South,7.6314553905764875,3.5809714135460644,5.574602673943107,54.29578028841793,6.983462757175545,68.69690227938914,2.9065334951651924
238,Office,Afternoon,Small,Weekend,South,7.643613302242464,3.5317622646855398,3.560140279329615,61.80985553450035,3.7890149281193324,81.96896783393397,4.151625421626337
239,Office,Afternoon,Small,Weekend,South,6.900880647134207,0.0,2.6141056272122305,63.12919499758351,9.489077582080022,66.38156033462433,4.443856149049795
240,Office,Afternoon,Small,Weekend,South,6.653056396329868,2.6125475463526038,2.52997921545878,67.42617337997035,6.71791277904602,68.09957475932427,0.9366084440965556
241,Office,Afternoon,Medium,Weekday,North,6.459561356725432,3.8238435219527815,4.832952739639166,81.75212841129607,8.403208826148838,75.6508787592473,3.8397243681026523
242,Office,Afternoon,Medium,Weekday,North,6.376160262426216,1.1637487598534966,3.080400332272033,61.67246755783587,8.30998479883221,61.75263315716157,5.9178119219765914
243,Office,Afternoon,Medium,Weekday,North,8.32406082209557,3.6609632717872436,2.43779305718088,88.11542694331882,7.482284168033642,63.384818178141145,3.814658843743764
244,Office,Afternoon,Medium,Weekday,North,7.541325854139811,3.4801302963164793,5.72849818537701,68.59612688929263,7.82297920312229,83.19454542694231,6.470133847321473
245,Office,Afternoon,Medium,Weekday,South,9.177085663155935,3.3519870444876285,6.095986850169035,72.19838516323526,5.987461100057218,66.2055618429923,3.6413210248200936
246,Office,Afternoon,Medium,Weekday,South,7.443584428068142,2.979931937454729,5.5600286531819805,64.9533187217292,6.8675526773455955,69.18624305682661,2.0632457478662927
247,Office,Afternoon,Medium,Weekday,South,7.159318396727339,1.8347460866654037,8.0,66.93474680362415,6.668930582817923,64.11462150902943,6.015208542659385
248,Office,Afternoon,Medium,Weekday,South,7.314736745555517,6.202661265556911,4.3053346161259425,42.18106360450427,5.789035830912705,73.60259522814806,2.09944997963498
249,Office,Afternoon,Medium,Weekend,North,6.0710631608459185,2.943089112986365,4.063990506204557,79.71021611034597,4.729963540095952,80.53794005998279,4.904623014709728
250,Office,Afternoon,Medium,Weekend,North,6.7948701554627,2.942449138418792,3.3761187394178735,75.15034735692134,4.0901067809899025,72.36108952388948,1.7440944812037218
251,Office,Afternoon,Medium,Weekend,North,6.572669233470093,5.475729295528593,2.153004604103547,52.376865169925196,6.0252187599698335,70.52040293815486,7.00221310437549
252,Office,Afternoon,Medium,Weekend,North,7.403164941445974,0.780035483312242,1.0648265164606596,87.15703731324807,8.607848439007752,67.96753434528244,2.4434041043066648
253,Office,Afternoon,Medium,Weekend,South,7.919034180143723,1.2670660721126428,2.6323407341310423,83.7038747785725,11.477557471898763,66.64544585986835,2.3466012219249945
254,Office,Afternoon,Medium,Weekend,South,7.3031872533237365,0.0,6.336131858770065,72.09779465267145,8.010687371681822,60.36511337921783,5.781677061922085
255,Office,Afternoon,Medium,Weekend,South,7.416660273314155,2.384246111138251,4.520236385370294,72.8395128254384,5.749051250445551,79.29659499965972,4.2109212060458665
256,Office,Afternoon,Medium,Weekend,South,7.163924092619315,6.395334167544984,1.7365234801643545,78.27140134411081,8.813414559098723,68.72386905112555,3.057130460754627
257,Office,Evening,Small,Weekday,North,6.654246356419664,1.8957001291742133,3.7439251974637404,71.64997983586164,8.234877214830691,71.72738474411113,7.1495749792743
258,Office,Evening,Small,Weekday,North,6.062886706749485,3.080049109099554,3.546088055967192,53.11639814456366,5.474395668902749,71.28052566512376,6.323666656533325
259,Office,Evening,Small,Weekday,North,7.879319173633635,3.6979818678175134,4.228065361030895,59.34829777977994,1.8130227872187055,61.32256853319328,3.085059758987965
260,Office,Evening,Small,Weekday,North,5.526715018341562,5.958131138011858,3.2271357154441525,63.27598604783403,4.796766712620414,93.71016997525246,3.533347238005435
261,Office,Evening,Small,Weekday,South,7.334471632412688,0.9311792399959771,2.4605288180465434,78.78763243052978,9.536081552911323,89.00662342392229,3.320343294962344
262,Office,Evening,Small,Weekday,South,8.12999199414308,2.863135784606632,4.444339675448853,65.72157294783608,7.61116242607194,61.895538880351204,5.594351249597697
263,Office,Evening,Small,Weekday,South,6.891006856935568,3.3604803314699034,3.6864540855606736,48.338256324594404,6.381568246363819,83.78751422626193,3.211136781329042
264,Office,Evening,Small,Weekday,South,5.205382445919884,1.010736148991728,2.847373520059153,63.13420804663561,7.576962969114787,61.03764495921933,2.364622433691043
265,Office,Evening,Small,Weekend,North,7.340970626130963,3.0575239191983905,0.3843006551741843,85.87247781263659,8.099442501132364,80.48295932103021,4.713823671961626
266,Office,Evening,Small,Weekend,North,7.696334110039634,3.713268652724655,3.318835771926818,59.50945310866757,7.001372476887434,80.88425053722433,3.438247350832969
267,Office,Evening,Small,Weekend,North,7.864706747310431,5.504163605207874,2.6481403622859117,70.39664876781261,8.902912516431435,86.2079282080915,2.63387093438931
268,Office,Evening,Small,Weekend,North,7.030980390519886,4.969045218143778,1.6824437291237289,70.38648586885435,6.027493397996754,74.55224342552225,5.257970047306962
269,Office,Evening,Small,Weekend,South,7.000486242212243,0.8582340862944786,2.671534691940432,67.68898477389114,7.83442077809803,78.9032144494515,4.7116258169710825
270,Office,Evening,Small,Weekend,South,7.163614615363984,2.830184499957906,3.5291023159469015,81.91780102619943,10.562078819641805,79.79332974559546,9.225375793463485
271,Office,Evening,Small,Weekend,South,5.34203757953923,6.824577642271347,2.153666228734163,47.797514632028665,8.018708473897139,70.97973576732379,4.172706690398484
272,Office,Evening,Small,Weekend,South,8.028860338214603,5.039495954724216,2.3282461094429237,71.42867507812721,9.150376183900402,74.51320617166263,3.4135518984417477
273,Office,Evening,Medium,Weekday,North,6.695707477099346,3.5979808266191213,2.655414570494903,81.29330204800792,6.288732382827579,60.30691295691814,3.575091997142778
274,Office,Evening,Medium,Weekday,North,7.092662341622334,6.205495931510763,4.677443366484558,77.86435333900832,6.571555977262963,75.94886972980089,7.393245395646594
275,Office,Evening,Medium,Weekday,North,4.4562967478369,1.0323643416669084,4.113863382574493,44.51823599312556,3.227556526539943,72.73055435835312,2.8168645386320263
276,Office,Evening,Medium,Weekday,North,8.291337686751842,1.123450233320523,5.1954275918698025,50.030445656917315,6.776378522682128,81.27888595589265,9.224680754009274
277,Office,Evening,Medium,Weekday,South,5.517945587580055,3.8378567315652914,2.7674596998583794,64.2535173643017,8.218061630627444,83.23739491818606,3.031134501335363
278,Office,Evening,Medium,Weekday,South,7.22307475061205,1.9626962762676619,5.962855294379977,57.08752355276692,7.697340865216037,89.45322414874389,5.60731711866036
279,Office,Evening,Medium,Weekday,South,7.330641637141444,5.4722438167195335,2.9863921985309627,62.71707231549203,8.622326014897109,77.45688437205949,6.316641950936244
280,Office,Evening,Medium,Weekday,South,7.570444556031599,2.770385529399526,4.792338987437571,79.00548347707078,5.515436840615884,84.74257415026759,6.909260695172464
281,Office,Evening,Medium,Weekend,North,9.941458255092076,3.592955230797159,3.2860759199347984,82.0193797038845,7.11920497977929,82.97392794034359,5.2496780248940755
282,Office,Evening,Medium,Weekend,North,6.938540586466982,3.402489835022845,2.8107462686871827,52.328052888038506,9.310974966877373,74.71098833190419,3.3766605289539715
283,Office,Evening,Medium,Weekend,North,5.5268065755833415,3.8917937479452696,2.624002497189486,77.28341200223868,5.716106490931735,50.15243772854619,6.4018971453427245
284,Office,Evening,Medium,Weekend,North,7.125220338654796,2.163114658333601,3.9663817759625735,68.02474436729221,7.412359242973202,72.47423914399378,4.7346261842023285
285,Office,Evening,Medium,Weekend,South,6.975898063808212,6.27681466398206,1.3680813719094869,60.98043244328594,6.511645129047172,71.9647977322852,4.76048400897739
286,Office,Evening,Medium,Weekend,South,6.516359319923575,6.042748548303832,3.9753237531480456,72.24560072871714,6.034078184425878,83.79358125309155,5.318410060079914
287,Office,Evening,Medium,Weekend,South,5.77740835745738,4.431011593389968,3.3359672762376764,55.92193205960534,3.0934563404711057,88.9739883004224,4.340658310528913
288,Office,Evening,Medium,Weekend,South,6.701898758651159,3.41937259361628,1.0318885234649757,82.07360792872915,7.942426945426458,87.91560016521224,0.9291069558586393
289,Coworking,Morning,Small,Weekday,South,6.378999789127242,2.103224211788705,4.849860680951998,88.67508868063268,12.0,76.41403807913478,2.85556187859016
290,Office,Evening,Small,Weekend,South,5.34203757953923,6.824577642271347,2.153666228734163,47.797514632028665,8.018708473897139,70.97973576732379,4.172706690398484
291,Coworking,Morning,Small,Weekend,North,6.160310259903686,1.3899170198269484,0.6168991285287184,88.90841587820586,10.014681280917507,72.69286117851745,3.2599177816479865
292,Home,Evening,Small,Weekday,South,8.259951273901077,4.737959839914019,1.375503753865531,65.6436524251867,5.60724877044405,67.46727965626343,5.46562233857382
293,Coworking,Evening,Medium,Weekend,South,6.7956544713584055,0.0,0.3406980734678371,79.7527661145686,8.233475227987501,67.48435766940298,3.6671317568518904
294,Home,Morning,Medium,Weekday,South,6.401714823437121,2.3663075947764094,1.8655428776246479,69.26587525186888,7.7048665402609045,77.3067024786416,2.536882444548672
295,Coworking,Morning,Small,Weekday,South,6.378999789127242,2.103224211788705,4.849860680951998,88.67508868063268,12.0,76.41403807913478,2.85556187859016
296,Coworking,Morning,Medium,Weekend,North,7.190839576386607,2.445502242037696,3.2529682246881295,57.57301804469165,6.110603802161999,58.80963667974706,1.588801617378373
297,Office,Morning,Medium,Weekday,South,7.239401939650064,4.153601930952626,4.164123616492301,71.64649551172906,9.738517607514177,74.542239617883,2.9259115748985502
298,Home,Evening,Medium,Weekday,South,7.1561461181389765,4.909379139380597,4.15448362884419,70.555894566717,9.579094476467896,86.41891342671899,3.6735033223111553
299,Coworking,Morning,Small,Weekday,North,7.446012196219428,4.782722235611315,3.294038220886119,71.27305194332061,8.765341468717706,97.43002253978447,3.883820387394991
300,Coworking,Afternoon,Medium,Weekday,South,7.004257477002893,2.995526336570434,2.9845866701062116,56.169848630830245,10.207992939073556,59.24401638069454,4.423379875814668
301,Coworking,Afternoon,Small,Weekday,North,7.474235232646095,1.8987924406309786,4.32941813096704,82.0682423005406,5.769068954074522,79.87366363674009,1.910418186613727
302,Coworking,Afternoon,Medium,Weekday,South,7.190127742755117,4.867895243277989,2.7375036872299967,73.52789299074325,8.394277854578984,69.32042470316165,3.9526054848436765
303,Office,Evening,Small,Weekday,North,6.062886706749485,3.080049109099554,3.546088055967192,53.11639814456366,5.474395668902749,71.28052566512376,6.323666656533325
304,Coworking,Evening,Medium,Weekend,South,5.588243288696273,3.339892751145657,1.0793055214723297,57.48263123858781,7.986996973253107,80.40365639837823,3.3003870417443477
305,Office,Evening,Medium,Weekday,South,5.517945587580055,3.8378567315652914,2.7674596998583794,64.2535173643017,8.218061630627444,83.23739491818606,3.031134501335363
306,Coworking,Evening,Small,Weekday,North,7.397886305010189,1.4325174087812282,2.2971716164999654,74.64260666956869,8.834266528973462,85.3516557023386,4.812143759524328
307,Home,Morning,Medium,Weekday,South,6.761109209930214,4.805622416648991,2.4060321591461995,80.61496151515625,9.34659033532327,70.43877770395925,0.1526342672934362
308,Office,Afternoon,Medium,Weekend,South,7.919034180143723,1.2670660721126428,2.6323407341310423,83.7038747785725,11.477557471898763,66.64544585986835,2.3466012219249945
309,Office,Afternoon,Small,Weekend,North,9.949175161348982,0.8273046077741721,2.651773723775748,71.7138101378003,10.204317326247281,74.3260117375676,1.9052129135110372
310,Home,Afternoon,Medium,Weekday,North,7.440179928874527,4.367961381492206,3.5947067008346365,84.88469259471506,8.497630202316886,75.6476848491796,6.59055958283755
311,Home,Afternoon,Medium,Weekend,North,6.872711526552069,3.547004296510432,2.044309007503219,89.17436902418137,9.418516241857875,89.08940630309276,5.506959590648491
312,Coworking,Evening,Small,Weekend,North,6.753286283985082,2.1029445219900005,0.0,89.08289695143657,9.479926920425132,79.82893633640045,1.4997303186763942
313,Coworking,Evening,Medium,Weekend,North,6.81288558052882,4.974352305329093,0.0,78.92788174027267,9.42368126231744,86.69767176113338,4.765873162942011
314,Office,Evening,Small,Weekend,South,5.34203757953923,6.824577642271347,2.153666228734163,47.797514632028665,8.018708473897139,70.97973576732379,4.172706690398484
315,Coworking,Evening,Medium,Weekend,South,7.794806427667269,1.4840545779050685,2.0676023414805176,59.86511939981767,7.643977894905062,80.2212480459047,4.162939612513035
316,Coworking,Evening,Small,Weekend,South,7.527607466344048,1.8792067300650097,2.2339900500787784,80.32543883580857,9.09756450982855,74.72298509899844,2.576233261094566
317,Home,Afternoon,Medium,Weekday,North,8.145983738409203,0.5454256107584046,3.3830377226604815,73.80127698141331,8.656337259614503,89.43882972955103,4.875975559066784
318,Home,Afternoon,Medium,Weekday,South,8.84373877799061,5.608094314510735,4.189350091335154,63.9858799531571,5.353023031609467,74.92034224116277,3.7968090093677413
319,Office,Afternoon,Medium,Weekday,North,7.541325854139811,3.4801302963164793,5.72849818537701,68.59612688929263,7.82297920312229,83.19454542694231,6.470133847321473
320,Coworking,Afternoon,Small,Weekday,North,7.474235232646095,1.8987924406309786,4.32941813096704,82.0682423005406,5.769068954074522,79.87366363674009,1.910418186613727
321,Coworking,Afternoon,Small,Weekday,South,7.203362263055107,5.002572573029907,4.46281610147199,79.03955002877123,10.54923417553624,82.88000025438319,3.0609712933403124
322,Home,Morning,Medium,Weekday,South,6.401714823437121,2.3663075947764094,1.8655428776246479,69.26587525186888,7.7048665402609045,77.3067024786416,2.536882444548672
323,Coworking,Evening,Small,Weekday,South,7.26359746636679,4.511646343441612,2.166678587316501,60.83337379996824,7.099325015856571,71.09907277505037,2.2966394407483435
324,Office,Evening,Medium,Weekday,North,7.092662341622334,6.205495931510763,4.677443366484558,77.86435333900832,6.571555977262963,75.94886972980089,7.393245395646594
325,Home,Evening,Medium,Weekend,North,7.993149417916258,6.127054226043009,0.0,63.440105747544465,5.998789516232229,65.16052049018559,1.198900232118814
326,Home,Morning,Small,Weekend,South,5.3218855571164845,6.542870773767799,2.214608621330185,75.08937991902921,5.757255698707359,79.39595341431533,2.8501019885578796
327,Office,Afternoon,Medium,Weekday,North,6.376160262426216,1.1637487598534966,3.080400332272033,61.67246755783587,8.30998479883221,61.75263315716157,5.9178119219765914
328,Office,Evening,Small,Weekend,North,7.340970626130963,3.0575239191983905,0.3843006551741843,85.87247781263659,8.099442501132364,80.48295932103021,4.713823671961626
329,Home,Afternoon,Medium,Weekday,South,6.974115636395957,5.706417379286154,0.9500142830263723,68.19948163481655,7.94930888549991,78.83556580610693,4.439509927046999
330,Home,Evening,Medium,Weekend,North,6.725368817757912,2.9199756312900447,1.2666457844279535,74.56191486391918,7.194898658179065,96.55052014080366,4.936230474783786
331,Office,Evening,Small,Weekday,South,5.205382445919884,1.010736148991728,2.847373520059153,63.13420804663561,7.576962969114787,61.03764495921933,2.364622433691043
332,Home,Afternoon,Small,Weekday,North,6.671383445242417,3.245866378259347,3.244323121892117,58.11394023446509,6.145761308197903,71.46991807693445,4.604448468425846
333,Office,Morning,Small,Weekend,South,6.83044719041048,0.0,3.1407580713415717,96.33038415329915,8.642020868351082,85.57375329097773,7.493378303945111
334,Home,Evening,Medium,Weekday,North,7.656420135340372,4.893807005960993,1.082954209987806,60.664111921479694,3.908208285452882,62.73105944563741,0.8008025121546676
335,Home,Afternoon,Medium,Weekday,North,6.308623161337968,0.0,2.073139186354947,85.08238055202163,9.465817905150075,74.40753719574863,2.868015447067699
336,Home,Morning,Small,Weekday,North,7.043935560954382,7.119787794459137,0.0,76.133934841694,9.833784084776356,75.10181596070413,5.493771232513088
337,Home,Afternoon,Medium,Weekday,South,6.982777855119104,6.266559102031316,2.8823108603067076,74.31696340329036,6.438484514478146,69.96036770465216,4.633602244227866
338,Coworking,Morning,Small,Weekend,North,5.310954040475565,2.383942910477511,1.218195066847011,74.05549479388947,5.453538443499777,84.7179844338419,4.166915018147762
339,Office,Evening,Small,Weekday,North,5.526715018341562,5.958131138011858,3.2271357154441525,63.27598604783403,4.796766712620414,93.71016997525246,3.533347238005435
340,Coworking,Evening,Medium,Weekend,South,6.973193043366533,2.622911164207842,1.1177751809029566,70.7767667938833,3.30504971064364,83.13303754845235,3.123787109360286
341,Office,Morning,Medium,Weekend,North,7.364176651705477,3.4616294033156305,2.0036869312659267,100.0,11.250412135738472,87.6447007398089,5.720929529750555
342,Home,Afternoon,Small,Weekend,North,5.954749391151878,1.9983981026620774,6.410637994878407,72.97460508079362,5.587682370734276,77.27911002351614,4.794931199580517
343,Coworking,Evening,Small,Weekday,North,7.160181849413114,3.9347773689405594,1.5862433476364335,84.95348937980508,10.015413001161477,99.53767328339785,0.0
344,Office,Morning,Small,Weekend,North,5.897878791859152,3.826056620319906,1.776348977237323,69.52241086413382,5.022370554860046,84.26419414990252,5.254646155093277
345,Office,Evening,Small,Weekend,South,7.163614615363984,2.830184499957906,3.5291023159469015,81.91780102619943,10.562078819641805,79.79332974559546,9.225375793463485
346,Office,Evening,Small,Weekend,South,5.34203757953923,6.824577642271347,2.153666228734163,47.797514632028665,8.018708473897139,70.97973576732379,4.172706690398484
347,Office,Morning,Medium,Weekday,South,7.239401939650064,4.153601930952626,4.164123616492301,71.64649551172906,9.738517607514177,74.542239617883,2.9259115748985502
348,Office,Afternoon,Medium,Weekend,North,7.403164941445974,0.780035483312242,1.0648265164606596,87.15703731324807,8.607848439007752,67.96753434528244,2.4434041043066648
349,Coworking,Evening,Medium,Weekend,South,7.794806427667269,1.4840545779050685,2.0676023414805176,59.86511939981767,7.643977894905062,80.2212480459047,4.162939612513035
350,Office,Morning,Medium,Weekday,South,7.696799833658953,3.5280791804224405,5.818102677360121,71.01920837247029,4.964292739249793,62.31320716818476,5.3364107285995495
