employee_id,gender,age,department,work_model,sleep_hours_avg,work_hours_avg,meeting_hours_avg,breaks_per_day,distractions_per_hour,years_experience,remote_tenure,job_level,team_size,tasks_completed_weekly,response_time_avg,delivery_rate_pct,system_engagement_pct,work_life_balance_ratio,productivity_index,performance_rating,turnover_risk,is_high_turnover
E001,Female,35.0,Sales,Remote,7.0,6.67,1.63,1.47,5.33,1.0,1.0,1,18,44,19.8,92.8,63.8,0.37,56.8,53.5,0.479,1
E002,Male,34.0,Sales,Remote,7.11,6.08,2.21,2.78,3.96,14.0,3.2,5,13,54,12.4,78.2,61.8,0.37,61.4,60.1,0.309,1
E003,Female,39.0,Support,Hybrid,6.93,9.55,2.29,1.63,2.73,8.0,1.0,4,6,47,10.8,80.6,66.7,0.3,58.8,60.4,0.525,0
E004,Female,35.0,Management,Remote,6.49,8.42,3.83,2.67,4.94,13.0,2.0,2,4,37,19.0,77.7,53.3,0.3,57.3,58.4,0.662,1
E005,Female,43.0,IT,In-office,5.76,6.03,2.4,2.77,1.0,14.0,0.4,5,5,49,9.5,84.0,62.5,0.37,59.9,57.3,0.212,0
E006,Male,37.0,Marketing,In-office,7.25,6.55,3.2,2.29,2.33,7.0,1.1,3,7,49,15.9,79.4,62.8,0.39,54.7,52.6,0.214,0
E007,Male,35.0,Marketing,Hybrid,6.42,10.01,2.12,3.23,2.57,20.0,3.1,2,14,44,22.0,86.1,60.1,0.32,52.1,51.1,0.592,0
E008,Female,31.0,Management,In-office,6.74,7.33,3.87,2.61,1.9,4.0,2.5,3,18,42,20.8,88.8,61.7,0.34,54.0,54.9,0.286,0
E009,Female,31.0,HR,Hybrid,7.25,7.91,2.4,2.87,3.21,14.0,2.7,4,17,46,15.7,72.5,66.9,0.32,67.4,72.2,0.393,0
E010,Male,37.0,Support,In-office,6.35,7.0,2.36,2.73,0.94,8.0,1.3,5,6,45,13.8,82.2,64.3,0.33,62.1,61.0,0.233,0
E011,Male,38.0,Support,Hybrid,6.88,7.65,2.82,2.07,3.88,16.0,1.1,2,18,51,20.0,84.3,60.7,0.42,68.9,68.9,0.428,0
E012,Male,40.0,Support,Hybrid,6.82,7.6,3.12,1.7,2.26,5.0,2.7,4,10,47,18.8,76.5,65.6,0.31,61.7,59.8,0.335,1
E013,Male,36.0,Sales,Hybrid,6.73,7.35,3.25,2.72,4.07,11.0,1.6,4,19,44,19.4,83.4,64.5,0.3,62.2,64.1,0.479,0
E014,Male,42.0,IT,Hybrid,6.58,7.65,2.09,2.58,2.39,10.0,0.9,5,7,43,20.5,87.8,60.3,0.34,59.3,60.6,0.361,0
E015,Female,30.0,Management,In-office,6.85,9.8,2.99,2.56,2.54,12.0,0.0,5,15,54,15.3,87.2,64.3,0.3,49.9,49.0,0.537,0
E016,Male,38.0,Support,In-office,7.01,8.85,3.31,3.34,3.32,8.0,1.4,4,8,46,18.0,82.9,66.7,0.35,65.2,65.0,0.492,1
E017,Male,47.0,Sales,Hybrid,7.3,8.26,2.02,4.1,3.22,6.0,4.9,3,13,37,14.4,83.7,66.2,0.47,58.4,61.0,0.363,0
E018,Male,46.0,Sales,Hybrid,6.55,7.99,1.26,1.71,1.96,6.0,2.1,5,6,53,18.8,77.7,55.3,0.3,60.9,59.1,0.369,1
E019,Male,49.0,Support,In-office,6.06,12.0,3.05,2.23,2.55,6.0,0.6,3,12,40,16.4,76.9,53.2,0.3,63.2,66.2,0.769,1
E020,Male,47.0,HR,Remote,6.88,8.77,3.22,4.68,3.4,7.0,2.5,5,13,60,13.9,86.3,56.0,0.36,55.7,55.3,0.501,0
E021,Male,43.0,Sales,Hybrid,7.13,8.95,2.85,1.45,2.85,11.0,0.1,2,7,38,20.1,81.7,72.3,0.3,60.2,59.7,0.466,1
E022,Female,38.0,HR,In-office,6.57,8.55,2.71,2.1,2.93,5.0,1.9,4,11,52,19.9,86.0,60.9,0.33,61.5,59.9,0.484,1
E023,Female,41.0,HR,In-office,6.38,8.84,2.14,3.14,1.24,0.0,0.0,4,16,48,23.5,78.7,62.2,0.3,58.2,56.3,0.392,0
E024,Female,37.0,Support,In-office,6.67,9.58,3.27,1.2,4.16,0.0,0.0,3,17,53,16.4,88.8,56.5,0.3,56.2,56.2,0.671,1
E025,Male,46.0,IT,Hybrid,7.29,8.5,2.51,2.48,4.1,9.0,3.1,3,4,41,13.8,77.8,61.6,0.41,50.1,50.7,0.48,1
E026,Male,39.0,IT,In-office,6.72,7.21,1.41,2.12,2.31,12.0,1.1,2,5,36,19.8,76.9,74.4,0.44,61.3,64.9,0.278,0
E027,Male,31.0,HR,Remote,7.02,6.53,3.08,3.85,7.91,3.0,3.0,5,19,53,12.5,93.8,49.7,0.32,46.1,45.9,0.699,1
E028,Male,42.0,Marketing,Hybrid,6.69,8.49,2.22,2.55,3.2,6.0,1.8,3,17,46,21.8,75.4,65.8,0.3,56.5,55.8,0.502,0
E029,Female,42.0,Marketing,In-office,6.77,8.84,1.79,0.5,2.69,6.0,1.1,1,11,43,24.0,75.0,69.2,0.3,63.4,66.1,0.478,0
E030,Female,37.0,IT,Hybrid,7.73,5.85,2.47,1.62,3.14,15.0,0.7,5,8,55,13.5,73.4,66.7,0.37,61.4,61.7,0.195,0
E031,Female,35.0,Sales,Hybrid,7.06,8.31,2.48,2.01,3.64,7.0,2.2,5,8,42,14.9,76.6,61.6,0.38,56.8,58.2,0.458,1
E032,Female,43.0,IT,In-office,6.06,8.07,2.28,2.6,3.37,15.0,0.0,5,13,50,15.2,83.3,65.9,0.3,63.4,63.6,0.545,0
E033,Male,50.0,Support,Hybrid,6.05,8.26,3.9,1.19,4.45,7.0,1.3,5,15,54,8.0,80.9,64.3,0.3,51.2,50.6,0.651,1
E034,Female,24.0,Sales,Remote,7.03,6.41,1.91,3.08,5.5,9.0,4.3,3,5,40,18.3,80.6,60.0,0.31,58.8,61.7,0.492,0
E035,Female,43.0,Management,Hybrid,7.44,9.51,3.84,2.67,3.55,10.0,0.8,5,16,60,18.3,76.3,58.6,0.3,58.4,59.0,0.542,1
E036,Female,39.0,Sales,Remote,5.93,8.27,2.43,3.34,4.87,1.0,1.0,5,18,50,20.9,82.4,59.9,0.3,58.0,57.4,0.695,1
E037,Female,39.0,Sales,Remote,8.03,8.17,2.59,3.12,4.72,10.0,2.7,1,6,47,15.1,77.5,59.9,0.36,64.4,61.1,0.452,0
E038,Female,37.0,Marketing,Remote,7.49,7.93,1.86,3.17,3.58,10.0,2.8,2,4,37,19.4,74.5,58.4,0.39,60.7,64.0,0.377,1
E039,Female,35.0,Support,Hybrid,7.5,7.58,1.96,3.04,4.52,11.0,1.1,1,6,35,20.8,78.4,61.5,0.48,55.3,56.5,0.395,0
E040,Male,45.0,Management,Remote,7.02,7.2,2.36,2.62,4.52,7.0,2.3,1,5,50,12.0,77.3,61.5,0.36,59.2,59.6,0.454,0
E041,Male,41.0,HR,Remote,7.18,10.28,2.46,3.39,3.47,5.0,2.4,4,7,47,19.3,88.6,45.9,0.3,72.7,71.2,0.623,0
E042,Male,43.0,Marketing,Hybrid,7.0,9.68,1.64,1.47,2.86,3.0,2.4,5,8,56,20.0,80.7,68.0,0.3,54.4,53.9,0.54,0
E043,Female,38.0,Sales,Remote,6.66,10.87,1.15,3.29,3.69,10.0,1.9,5,5,49,10.2,74.4,66.6,0.3,67.7,73.8,0.728,1
E044,Male,45.0,HR,Hybrid,7.56,9.84,2.43,3.46,2.39,13.0,0.5,5,14,52,15.4,86.6,57.2,0.3,69.4,70.8,0.457,0
E045,Female,29.0,IT,Remote,7.11,7.78,1.72,3.62,2.73,9.0,1.9,5,14,52,12.2,82.2,60.5,0.37,72.7,75.3,0.339,1
E046,Male,45.0,Marketing,Hybrid,7.8,8.34,2.2,2.26,1.29,6.0,0.6,1,8,39,20.4,79.8,54.2,0.38,63.9,65.2,0.218,0
E047,Male,29.0,Sales,Hybrid,7.85,8.7,2.01,3.21,3.38,2.0,0.5,2,12,41,16.1,74.2,65.7,0.34,58.4,58.3,0.405,0
E048,Female,42.0,Marketing,Remote,6.7,10.0,2.03,3.33,4.16,12.0,4.5,3,12,47,7.3,84.3,48.1,0.3,59.2,53.5,0.699,0
E049,Female,37.0,Marketing,Hybrid,6.72,7.57,1.97,0.5,1.39,6.0,2.1,3,13,42,15.1,71.0,60.3,0.31,59.7,60.5,0.277,0
E050,Female,41.0,Management,Remote,7.11,6.86,3.3,2.81,3.73,7.0,3.1,3,9,48,17.0,73.8,66.7,0.3,68.0,67.9,0.373,0
E051,Male,45.0,Sales,Hybrid,7.07,6.85,1.52,0.87,2.26,8.0,2.0,1,5,43,17.6,84.8,64.7,0.4,60.8,60.4,0.237,0
E052,Female,36.0,Sales,Remote,6.79,7.5,2.32,2.98,3.44,9.0,1.8,1,6,41,14.6,80.7,63.5,0.5,64.8,69.9,0.359,0
E053,Male,31.0,Management,In-office,6.23,7.62,3.05,1.96,1.82,14.0,0.1,2,18,40,24.1,85.4,62.8,0.38,62.4,60.1,0.331,0
E054,Male,35.0,HR,Hybrid,6.84,8.05,1.95,1.37,3.7,10.0,3.2,5,14,46,12.7,78.7,65.3,0.3,59.5,59.9,0.494,0
E055,Female,37.0,HR,Remote,6.7,6.75,2.24,4.07,5.35,14.0,2.6,5,7,63,10.0,83.3,57.0,0.39,58.5,60.6,0.51,1
E056,Female,36.0,Sales,In-office,6.43,6.94,2.78,2.28,3.33,9.0,0.0,2,14,42,15.8,87.2,64.4,0.39,54.8,57.1,0.379,1
E057,Female,31.0,Support,Remote,7.97,8.81,2.81,2.54,2.58,15.0,2.4,2,10,35,23.0,80.6,60.8,0.34,68.9,67.5,0.337,0
E058,Female,38.0,HR,Hybrid,6.68,8.89,2.69,1.45,3.43,3.0,3.0,1,15,44,22.8,73.5,68.7,0.3,55.9,56.4,0.556,1
E059,Female,39.0,Sales,Remote,6.74,7.38,2.58,3.33,3.16,10.0,3.9,2,15,52,17.6,86.2,63.0,0.36,64.0,62.0,0.381,0
E060,Female,33.0,Management,Remote,8.3,7.78,4.16,3.48,3.08,15.0,3.7,5,5,57,12.1,89.6,66.4,0.44,62.8,66.5,0.245,0
E061,Male,44.0,Support,Remote,7.25,9.19,3.13,2.42,4.92,13.0,3.4,5,11,55,11.1,81.4,66.2,0.3,60.0,62.0,0.65,1
E062,Male,44.0,Marketing,Remote,7.37,7.28,3.23,2.73,4.87,8.0,2.7,5,9,61,20.5,81.9,67.0,0.4,58.5,55.8,0.442,0
E063,Male,38.0,Management,In-office,6.95,7.12,3.53,1.78,1.85,6.0,0.6,2,11,48,24.0,73.4,58.2,0.3,62.1,67.1,0.264,1
E064,Male,35.0,Sales,Hybrid,6.98,8.98,3.57,3.32,3.28,15.0,2.1,5,7,48,17.4,85.3,56.5,0.34,68.2,69.9,0.506,1
E065,Female,41.0,Management,Remote,6.62,7.69,3.83,3.03,6.43,2.0,2.0,4,5,47,19.5,74.0,70.6,0.33,51.3,45.6,0.701,0
E066,Female,40.0,Marketing,Hybrid,6.16,7.47,2.7,2.4,3.52,7.0,2.7,2,16,46,18.1,71.2,51.4,0.38,59.7,61.1,0.468,0
E067,Male,32.0,Sales,Remote,7.68,6.32,2.97,3.5,3.28,25.0,3.4,3,4,52,13.9,82.2,61.0,0.35,58.7,57.4,0.239,0
E068,Male,32.0,Management,Hybrid,8.04,8.59,3.62,3.7,1.98,14.0,2.4,5,6,42,13.1,82.9,61.2,0.5,65.3,67.5,0.227,0
E069,Female,35.0,IT,In-office,5.88,7.48,2.48,2.99,2.31,11.0,0.0,5,14,43,16.8,74.6,67.4,0.37,54.5,50.2,0.396,0
E070,Female,40.0,IT,In-office,7.73,8.81,2.56,3.38,2.48,14.0,0.6,1,13,42,19.4,80.1,54.7,0.4,56.5,58.0,0.331,1
E071,Male,32.0,HR,Remote,7.05,5.62,2.73,2.22,3.68,11.0,1.0,1,15,45,26.9,73.3,60.4,0.35,57.1,54.2,0.269,0
E072,Male,41.0,Management,Hybrid,7.6,7.14,4.09,2.59,3.99,10.0,1.3,1,4,45,20.5,85.5,69.6,0.32,62.9,64.4,0.364,1
E073,Male,43.0,IT,Remote,7.08,8.91,2.22,2.89,4.82,0.0,0.0,3,17,47,17.8,75.8,64.9,0.3,52.3,53.8,0.636,0
E074,Female,38.0,IT,In-office,6.52,7.47,1.99,3.56,2.07,13.0,0.0,1,8,46,17.3,87.7,65.0,0.34,67.9,71.1,0.327,0
E075,Female,37.0,HR,Hybrid,6.23,6.68,2.36,0.98,3.76,12.0,0.9,3,19,42,21.1,71.4,56.5,0.3,46.6,47.0,0.446,0
E076,Male,44.0,Sales,Hybrid,6.62,8.79,2.85,2.31,2.83,0.0,0.0,5,15,48,18.6,79.1,51.6,0.35,65.5,68.5,0.483,1
E077,Female,42.0,IT,In-office,7.17,7.56,2.44,2.2,3.75,16.0,0.1,1,13,40,23.0,79.5,63.9,0.3,53.8,58.9,0.425,1
E078,Female,31.0,Management,In-office,7.12,7.7,2.99,3.76,2.93,9.0,0.0,3,9,43,16.0,78.5,50.7,0.39,64.6,65.4,0.341,0
E079,Male,38.0,Support,Remote,7.23,5.68,2.55,2.52,4.27,9.0,4.1,4,11,47,16.0,84.4,65.8,0.35,68.2,70.1,0.3,1
E080,Female,37.0,Sales,Remote,6.96,8.97,1.99,3.6,2.24,10.0,3.4,5,19,52,12.3,74.4,76.5,0.34,68.1,67.8,0.417,0
E081,Female,42.0,IT,In-office,5.93,6.93,2.73,2.17,3.32,11.0,0.6,2,5,43,18.3,80.5,55.4,0.32,50.0,50.7,0.451,1
E082,Female,43.0,Management,Remote,7.71,6.27,4.22,2.81,4.25,13.0,4.4,1,15,44,24.5,80.5,63.3,0.43,65.4,66.8,0.275,0
E083,Female,28.0,Sales,Hybrid,7.25,5.98,2.54,1.17,4.2,10.0,3.1,1,19,38,21.5,79.9,52.7,0.34,63.2,60.3,0.318,1
E084,Female,50.0,Support,Hybrid,7.3,7.23,2.59,2.82,3.26,4.0,2.5,2,19,37,18.5,79.1,52.1,0.37,61.8,60.9,0.323,0
E085,Male,24.0,Sales,Hybrid,6.8,9.19,2.62,3.24,4.45,21.0,2.7,4,18,46,16.4,77.8,59.0,0.3,61.5,62.8,0.653,0
E086,Female,33.0,HR,In-office,7.45,7.0,3.39,2.19,2.6,20.0,0.0,1,9,37,21.7,80.3,62.5,0.48,65.8,65.5,0.219,0
E087,Male,51.0,IT,Remote,6.78,5.27,2.12,1.89,4.39,9.0,2.7,3,11,45,18.8,82.0,60.2,0.34,53.8,55.4,0.322,0
E088,Female,40.0,Sales,Hybrid,6.42,5.76,2.72,2.57,1.55,9.0,1.2,4,8,56,19.2,79.0,80.0,0.38,65.6,67.7,0.184,0
E089,Male,47.0,IT,Remote,6.39,7.54,1.74,2.66,4.48,10.0,2.5,2,16,47,12.7,82.8,67.5,0.3,65.2,62.4,0.564,0
E090,Male,35.0,Marketing,Hybrid,6.94,7.84,1.73,2.48,4.19,14.0,0.0,1,19,44,16.2,70.0,54.0,0.3,55.6,55.5,0.509,0
E091,Male,34.0,Management,Hybrid,7.03,7.44,3.63,3.14,4.09,13.0,2.9,3,4,41,26.2,92.5,62.6,0.37,59.8,61.5,0.432,0
E092,Female,40.0,Sales,In-office,6.39,6.96,2.47,2.55,3.89,16.0,0.2,2,11,37,11.8,80.0,62.0,0.31,41.7,45.6,0.461,0
E093,Male,29.0,IT,Remote,7.36,8.15,2.27,2.37,3.3,0.0,0.0,5,13,48,19.9,76.7,59.4,0.44,60.5,60.6,0.366,0
E094,Male,34.0,Sales,Hybrid,7.9,6.82,1.26,3.72,2.84,6.0,1.9,5,12,49,16.4,84.6,59.5,0.45,54.9,54.8,0.2,0
E095,Female,41.0,HR,Hybrid,7.88,8.04,3.14,1.13,3.58,12.0,0.9,4,8,39,21.2,75.4,69.9,0.31,67.8,70.2,0.377,0
E096,Male,34.0,Sales,In-office,7.07,7.9,2.87,2.5,2.17,4.0,1.4,2,7,41,17.6,83.2,58.6,0.34,70.6,66.3,0.318,0
E097,Female,42.0,IT,Remote,6.44,7.05,2.95,3.54,3.37,0.0,0.0,3,6,49,21.7,86.1,73.6,0.4,56.9,56.2,0.386,0
E098,Female,33.0,Support,Remote,7.15,9.23,3.06,1.6,2.75,7.0,4.6,5,9,62,15.1,85.6,63.1,0.32,64.9,61.9,0.471,0
E099,Male,42.0,IT,Remote,7.05,6.81,2.65,3.39,3.32,14.0,2.0,2,17,41,17.7,76.3,54.5,0.44,62.7,64.5,0.296,0
E100,Male,45.0,Marketing,In-office,6.79,6.75,0.95,2.79,3.35,18.0,0.0,5,6,54,9.8,85.9,63.9,0.32,55.5,57.4,0.357,1
E101,Male,29.0,IT,Hybrid,7.13,9.52,2.07,1.33,4.48,15.0,2.2,2,15,46,19.6,87.1,53.7,0.3,56.7,58.0,0.651,0
E102,Male,36.0,Support,Remote,7.26,9.5,2.92,2.93,3.87,7.0,2.8,1,15,47,16.0,82.0,71.5,0.3,56.9,59.9,0.587,0
E103,Female,32.0,Marketing,Remote,7.06,10.25,1.49,2.71,4.71,5.0,4.5,4,10,57,14.8,74.7,69.9,0.3,55.1,54.7,0.726,1
E104,Female,38.0,Marketing,Hybrid,5.95,7.64,2.36,1.71,1.2,13.0,2.1,2,9,48,20.6,80.6,69.9,0.3,59.6,55.6,0.336,1
E105,Female,30.0,Marketing,Remote,7.08,8.24,2.37,2.89,4.67,7.0,3.9,1,8,41,15.7,74.6,52.1,0.33,47.0,48.2,0.559,1
E106,Male,42.0,Sales,In-office,7.0,7.18,2.48,2.24,2.98,9.0,0.4,2,15,45,18.4,78.5,72.8,0.3,55.6,55.9,0.347,0
E107,Female,38.0,Management,In-office,6.64,9.11,4.22,3.54,1.67,13.0,0.3,5,11,56,12.4,74.8,64.0,0.3,62.7,64.6,0.425,1
E108,Female,35.0,IT,Hybrid,7.72,8.16,1.78,1.65,3.9,14.0,2.5,4,7,45,15.4,77.7,62.9,0.3,64.2,67.7,0.433,0
E109,Female,37.0,Sales,In-office,6.57,5.98,1.93,2.62,3.36,8.0,1.2,3,11,42,17.8,71.9,50.9,0.32,46.8,45.8,0.32,1
E110,Male,39.0,Management,Remote,7.01,8.88,3.24,3.46,5.9,9.0,4.1,2,15,43,11.9,69.8,57.9,0.3,55.4,55.3,0.722,1
E111,Male,24.0,Support,Remote,7.01,7.65,2.74,2.31,4.72,12.0,3.9,5,5,59,7.0,85.8,62.3,0.31,53.3,53.8,0.529,0
E112,Male,33.0,Support,Remote,6.53,7.34,2.92,2.6,3.55,14.0,2.1,4,19,43,12.6,72.2,69.7,0.37,55.7,59.1,0.427,0
E113,Female,29.0,HR,Hybrid,7.31,7.52,2.83,2.06,4.55,6.0,2.8,2,14,37,21.0,83.0,58.1,0.3,53.2,52.9,0.477,1
E114,Female,36.0,Management,In-office,5.88,6.45,3.25,2.95,4.41,7.0,1.1,4,10,50,15.5,82.1,43.9,0.42,51.3,52.2,0.474,0
E115,Male,38.0,Management,In-office,7.69,7.0,4.21,2.34,0.0,4.0,0.0,5,19,46,14.8,86.0,64.5,0.54,69.6,67.9,0.086,0
E116,Female,47.0,Marketing,Hybrid,6.54,7.89,2.64,2.33,4.32,4.0,2.5,2,12,41,20.3,79.2,59.6,0.34,48.4,45.4,0.55,1
E117,Male,36.0,HR,Hybrid,6.67,9.17,3.27,3.18,2.58,13.0,2.4,1,14,40,19.5,87.1,53.5,0.32,65.1,68.7,0.499,0
E118,Female,29.0,Sales,Hybrid,6.67,8.71,3.38,2.89,3.71,13.0,3.1,4,7,56,13.4,85.8,62.3,0.32,57.9,59.1,0.559,1
E119,Female,44.0,Marketing,In-office,6.98,8.91,2.35,3.17,3.78,7.0,0.6,1,11,37,20.6,80.5,50.3,0.37,57.3,52.1,0.532,1
E120,Male,35.0,Sales,In-office,7.24,9.19,2.63,2.15,2.27,11.0,0.0,5,8,52,14.9,80.2,73.2,0.32,67.3,70.3,0.417,1
E121,Female,39.0,Management,In-office,7.1,8.21,3.65,2.61,1.64,15.0,0.0,5,11,44,18.0,84.3,67.1,0.3,64.9,63.9,0.311,0
E122,Male,46.0,HR,Hybrid,8.04,7.67,2.18,1.7,2.79,18.0,1.3,3,8,36,17.5,82.8,73.5,0.43,61.5,60.3,0.241,0
E123,Male,32.0,IT,Remote,6.9,9.66,1.99,4.99,4.4,13.0,2.1,5,18,47,13.3,71.6,68.0,0.36,54.6,53.7,0.656,0
E124,Female,30.0,HR,Remote,7.97,6.84,2.88,3.6,5.19,18.0,2.9,3,9,53,15.8,82.4,56.2,0.36,65.4,63.2,0.39,0
E125,Female,40.0,Marketing,Hybrid,7.74,8.57,2.81,3.7,4.08,0.0,0.0,4,15,47,18.0,81.7,60.9,0.34,54.0,54.4,0.466,0
E126,Male,40.0,Marketing,In-office,6.44,8.59,2.03,1.29,2.85,12.0,0.3,3,5,49,19.5,75.6,59.0,0.3,57.8,51.3,0.505,0
E127,Female,34.0,Marketing,Remote,7.64,8.01,2.75,2.15,5.39,16.0,4.1,4,6,57,17.3,85.3,57.1,0.3,61.5,63.7,0.558,1
E128,Female,28.0,Management,In-office,7.15,11.07,3.48,3.44,0.77,14.0,1.0,1,7,37,20.5,81.7,65.9,0.31,68.3,68.9,0.455,0
E129,Male,33.0,Marketing,Hybrid,5.56,8.36,2.53,3.07,2.08,15.0,0.7,4,14,47,13.7,90.6,64.4,0.3,55.0,55.6,0.506,0
E130,Female,47.0,HR,Remote,7.31,10.92,2.39,2.87,3.78,12.0,4.7,4,15,46,15.0,74.9,53.7,0.3,67.4,65.9,0.684,1
E131,Female,34.0,Management,Remote,7.45,9.2,3.86,2.83,4.19,5.0,4.8,4,7,44,16.8,79.4,63.9,0.4,53.4,53.5,0.534,1
E132,Male,35.0,IT,Hybrid,6.64,9.01,2.38,1.73,4.09,10.0,0.5,4,8,49,17.9,78.2,63.5,0.3,54.1,52.6,0.625,1
E133,Male,31.0,Marketing,Remote,6.61,6.63,3.16,3.19,3.61,14.0,3.5,1,13,48,19.0,82.7,60.7,0.53,54.6,56.4,0.314,0
E134,Male,43.0,IT,In-office,6.08,6.97,3.12,2.94,3.95,12.0,1.5,1,12,33,14.6,85.2,73.8,0.34,51.7,53.6,0.487,0
E135,Male,31.0,IT,Hybrid,7.2,9.04,1.71,2.77,3.7,10.0,3.2,4,7,48,15.6,75.2,49.3,0.3,60.6,61.6,0.54,1
E136,Female,32.0,IT,Hybrid,7.1,7.46,1.8,2.52,1.25,14.0,0.2,5,13,44,9.9,74.9,60.5,0.41,71.8,70.4,0.206,0
E137,Male,44.0,IT,Hybrid,7.29,5.51,1.15,0.5,3.28,10.0,1.9,5,10,53,23.3,80.7,56.8,0.3,62.0,62.6,0.232,0
E138,Female,27.0,Management,Hybrid,6.88,9.22,4.0,2.66,3.02,15.0,1.7,5,6,51,17.8,82.7,70.0,0.3,53.4,52.6,0.528,0
E139,Male,39.0,Marketing,Remote,7.27,6.89,2.62,0.91,4.65,12.0,3.0,2,6,51,20.1,80.8,74.5,0.31,55.7,57.5,0.434,1
E140,Female,40.0,Support,In-office,6.66,7.49,3.62,3.04,1.75,15.0,0.0,1,7,48,21.7,83.3,51.1,0.3,65.1,64.7,0.305,0
E141,Male,46.0,HR,Remote,7.96,7.77,1.47,2.82,5.66,19.0,0.8,5,14,51,9.3,77.5,56.9,0.36,63.3,62.4,0.508,0
E142,Male,34.0,Sales,Hybrid,7.05,7.54,2.57,2.29,3.03,12.0,1.3,2,19,47,20.3,72.1,76.4,0.3,60.8,63.9,0.375,0
E143,Female,33.0,IT,Remote,8.16,7.75,2.02,1.82,3.56,15.0,1.6,5,12,46,13.4,75.0,63.5,0.42,68.9,67.8,0.293,0
E144,Male,36.0,Marketing,In-office,5.53,9.97,2.71,2.58,2.79,6.0,0.2,1,19,39,16.5,81.5,66.0,0.3,62.4,62.5,0.694,1
E145,Male,45.0,Support,Hybrid,6.85,6.42,3.16,2.71,2.11,8.0,1.8,2,14,48,16.5,76.9,51.0,0.47,61.9,65.0,0.201,0
E146,Male,43.0,IT,In-office,8.25,7.52,2.79,1.9,3.22,4.0,0.1,4,4,47,22.3,77.3,64.0,0.48,50.3,45.0,0.231,0
E147,Female,33.0,IT,Remote,6.96,7.3,1.5,2.1,4.56,16.0,2.2,5,17,52,13.1,81.6,58.5,0.32,54.9,52.5,0.487,0
E148,Female,37.0,Support,In-office,5.81,8.78,2.91,3.05,3.34,6.0,0.8,5,5,54,16.1,82.8,61.4,0.3,51.3,51.5,0.624,1
E149,Female,31.0,HR,Remote,6.94,7.28,2.62,1.84,5.34,19.0,2.8,3,16,45,18.9,88.6,64.7,0.33,52.4,54.1,0.552,1
E150,Male,28.0,Marketing,In-office,6.36,7.67,2.86,1.79,3.25,18.0,0.0,4,10,52,18.8,84.7,55.4,0.3,55.2,54.1,0.471,0
E151,Female,51.0,Sales,Remote,7.49,6.07,2.46,3.37,3.32,0.0,0.0,1,8,49,19.5,78.4,73.1,0.34,65.8,67.6,0.243,0
E152,Female,34.0,Marketing,Remote,7.68,8.3,3.05,2.99,4.46,4.0,2.9,5,7,43,14.0,83.3,64.4,0.45,65.0,67.1,0.441,0
E153,Female,40.0,Marketing,In-office,5.81,8.22,2.45,1.59,4.02,14.0,1.6,4,4,39,23.2,69.2,50.5,0.3,58.7,59.9,0.636,0
E154,Female,39.0,Support,In-office,6.22,8.83,3.12,2.01,4.61,2.0,0.0,2,12,45,19.2,90.2,58.1,0.3,47.4,45.0,0.69,1
E155,Male,45.0,Marketing,Remote,7.98,7.89,2.81,3.28,6.58,7.0,4.7,4,9,47,13.0,80.8,61.2,0.3,42.7,45.0,0.616,1
E156,Male,41.0,Support,Hybrid,6.71,7.28,2.81,2.2,2.83,15.0,1.6,3,12,53,16.7,79.6,69.6,0.34,66.6,64.5,0.356,0
E157,Female,48.0,HR,Remote,6.24,7.12,2.93,2.38,5.29,18.0,2.3,4,15,39,16.0,74.8,58.2,0.34,49.6,45.8,0.599,1
E158,Male,31.0,HR,Hybrid,7.44,8.52,2.48,1.98,3.81,7.0,2.7,3,13,42,19.8,82.1,54.7,0.34,56.2,51.0,0.468,1
E159,Female,31.0,Support,Hybrid,6.49,7.87,2.89,2.22,5.41,10.0,1.0,4,14,45,15.6,82.4,60.6,0.3,49.6,56.9,0.658,1
E160,Male,28.0,Management,Remote,7.72,10.52,2.68,3.5,4.27,9.0,3.1,3,9,39,16.6,81.0,62.0,0.3,65.7,66.4,0.656,0
E161,Male,31.0,Marketing,Remote,7.6,6.15,2.49,1.4,2.03,9.0,4.2,5,10,46,13.3,79.1,57.2,0.42,64.4,63.7,0.151,0
E162,Female,33.0,Management,Hybrid,6.6,7.9,3.44,3.58,4.52,13.0,0.8,2,19,40,14.0,87.8,58.1,0.35,58.1,59.7,0.558,0
E163,Male,25.0,Sales,Hybrid,6.46,7.89,2.93,3.12,4.4,13.0,4.6,3,7,44,13.6,74.6,57.3,0.3,54.5,53.4,0.579,1
E164,Male,27.0,Marketing,In-office,6.12,8.8,3.23,2.77,0.19,1.0,1.0,3,6,40,24.6,84.4,69.3,0.3,64.1,66.0,0.329,0
E165,Male,39.0,Management,Hybrid,6.85,8.91,3.7,2.99,2.76,3.0,1.4,5,14,53,20.0,83.6,52.3,0.3,70.3,69.7,0.482,0
E166,Female,35.0,Marketing,In-office,5.41,7.99,2.68,1.07,3.54,10.0,0.0,1,10,41,18.3,76.2,53.4,0.3,58.9,60.4,0.616,0
E167,Female,43.0,Marketing,In-office,6.33,7.8,2.28,2.29,3.23,10.0,0.5,5,18,46,14.7,77.7,68.9,0.3,64.3,64.8,0.483,1
E168,Female,27.0,Management,Hybrid,6.69,7.1,3.46,2.61,2.23,7.0,1.5,4,11,44,18.9,79.4,56.8,0.36,53.8,50.9,0.292,0
E169,Male,38.0,Support,Hybrid,6.98,9.18,2.87,2.52,3.45,12.0,2.5,5,11,56,19.3,83.6,73.1,0.3,59.4,60.3,0.552,1
E170,Male,31.0,Marketing,In-office,6.67,8.86,2.38,3.28,2.25,10.0,0.5,2,18,45,20.0,84.8,66.0,0.41,65.4,66.8,0.411,1
E171,Male,39.0,IT,Hybrid,6.7,6.98,2.48,2.12,2.0,15.0,3.2,5,18,46,15.8,84.4,57.0,0.33,58.1,59.0,0.276,0
E172,Female,24.0,Support,Hybrid,7.46,8.06,3.86,2.89,2.92,9.0,3.5,2,19,43,13.2,78.7,61.4,0.34,60.3,64.4,0.354,0
E173,Male,47.0,Sales,Remote,8.07,7.95,3.06,3.17,5.17,10.0,2.3,3,16,53,15.4,89.6,60.0,0.34,62.1,65.9,0.476,1
E174,Male,36.0,Support,Remote,7.43,8.68,3.05,3.51,3.19,10.0,3.2,1,8,36,22.7,84.6,76.3,0.38,66.1,67.8,0.414,1
E175,Female,50.0,Support,In-office,6.75,8.29,3.11,2.97,2.48,14.0,0.0,1,5,32,20.7,78.7,61.0,0.3,63.6,63.7,0.417,0
E176,Male,41.0,Sales,In-office,6.19,8.01,1.43,2.5,0.78,12.0,1.3,1,16,42,20.1,78.9,63.4,0.31,58.9,59.6,0.307,1
E177,Male,45.0,IT,In-office,6.89,7.84,3.02,2.15,2.08,11.0,0.7,2,6,35,24.4,85.6,71.6,0.32,55.4,55.0,0.329,0
E178,Male,44.0,Marketing,Hybrid,7.09,7.57,3.46,2.24,3.63,19.0,1.8,1,7,44,24.0,79.4,57.2,0.3,58.9,55.7,0.423,0
E179,Male,40.0,Marketing,Hybrid,8.07,8.66,2.5,3.56,3.38,13.0,1.5,5,6,49,10.7,78.0,61.9,0.48,65.6,66.3,0.333,1
E180,Male,38.0,Management,In-office,6.36,6.44,3.69,1.36,1.68,8.0,0.7,2,18,44,19.2,83.7,64.7,0.35,52.5,51.9,0.24,1
E181,Female,34.0,HR,In-office,6.7,7.31,1.75,1.58,1.59,2.0,0.0,5,18,49,15.0,87.0,69.9,0.3,62.0,64.5,0.278,1
E182,Female,42.0,Management,Remote,7.2,6.74,3.41,1.8,4.26,12.0,3.5,1,16,42,21.1,85.5,60.4,0.41,55.7,55.0,0.36,0
E183,Female,29.0,IT,Remote,6.85,7.51,1.78,2.49,3.43,10.0,3.3,5,6,44,9.5,79.3,58.8,0.3,60.2,63.3,0.425,1
E184,Female,31.0,IT,Hybrid,7.03,10.13,1.79,3.11,3.77,19.0,0.2,3,4,44,19.1,81.3,64.3,0.3,64.6,60.5,0.65,0
E185,Female,39.0,HR,In-office,6.64,8.71,2.47,1.88,3.44,4.0,0.3,2,7,45,14.3,84.7,63.5,0.3,51.4,49.8,0.546,0
E186,Male,36.0,IT,Hybrid,8.22,8.36,2.16,3.24,3.45,14.0,3.3,4,4,42,17.0,80.0,53.8,0.45,57.8,60.1,0.313,0
E187,Female,34.0,IT,In-office,5.18,6.67,2.72,2.67,3.79,6.0,0.0,4,18,42,18.4,84.6,58.6,0.33,41.9,45.0,0.541,1
E188,Female,36.0,Management,Remote,8.57,6.96,3.99,3.96,3.53,12.0,4.1,5,15,55,13.0,77.5,66.2,0.48,69.5,71.5,0.196,0
E189,Female,41.0,Support,Remote,7.15,6.95,2.95,2.48,3.34,10.0,2.3,5,12,47,14.3,81.0,63.2,0.36,63.4,66.5,0.325,1
E190,Female,32.0,Management,Remote,7.32,8.59,3.4,3.27,2.93,15.0,3.6,4,17,51,18.2,78.3,68.6,0.4,72.3,74.9,0.388,0
E191,Male,44.0,Support,Hybrid,6.27,7.46,2.8,2.38,1.36,18.0,1.7,3,9,37,18.5,84.5,74.1,0.35,60.4,61.8,0.292,1
E192,Male,35.0,Marketing,Hybrid,6.62,7.76,2.78,3.03,2.91,14.0,2.4,1,18,39,16.5,86.7,62.2,0.3,59.7,60.1,0.423,0
E193,Male,39.0,IT,Hybrid,6.31,5.93,2.11,0.78,4.95,6.0,2.0,3,19,49,14.2,82.9,58.2,0.3,59.8,58.4,0.48,0
E194,Female,44.0,Management,Hybrid,7.63,8.13,2.75,2.16,3.32,7.0,1.4,2,8,38,17.8,90.7,51.7,0.39,61.4,60.0,0.359,0
E195,Male,35.0,Management,In-office,7.26,8.65,2.45,2.05,2.05,11.0,0.4,4,7,44,19.3,83.5,69.3,0.3,66.5,66.3,0.361,0
E196,Male,42.0,Sales,Hybrid,7.09,7.82,2.74,2.4,2.46,6.0,1.7,2,17,41,18.3,88.1,55.3,0.3,65.3,67.7,0.346,1
E197,Female,39.0,Sales,Remote,7.52,9.38,2.71,3.61,4.9,14.0,3.5,3,5,43,13.9,77.0,57.7,0.3,58.1,61.5,0.638,0
E198,Male,34.0,Marketing,Remote,7.22,7.03,2.01,2.28,3.85,13.0,1.0,4,11,50,14.7,80.4,63.9,0.36,59.8,61.8,0.365,0
E199,Male,41.0,Sales,Hybrid,6.92,7.77,2.82,1.95,2.46,18.0,0.6,1,4,37,21.4,76.0,58.5,0.31,61.0,63.8,0.355,0
E200,Male,42.0,IT,Hybrid,6.98,9.23,2.47,2.64,2.61,14.0,1.5,5,10,47,14.4,79.3,72.1,0.34,52.0,53.8,0.468,0
E201,Male,41.0,HR,Remote,8.28,7.81,2.91,3.18,3.69,16.0,3.1,5,11,52,14.9,82.5,65.9,0.46,63.6,64.1,0.284,1
E202,Male,51.0,IT,In-office,6.79,7.03,2.36,1.68,1.23,11.0,1.0,5,16,44,19.4,82.8,54.2,0.33,64.6,69.8,0.222,1
E203,Female,46.0,Support,Hybrid,7.48,9.46,3.48,4.4,4.79,4.0,3.2,2,16,45,22.6,83.0,64.0,0.34,60.8,58.6,0.625,1
E204,Male,40.0,Marketing,Remote,7.65,8.11,2.15,1.96,3.94,10.0,1.5,2,9,39,18.2,78.9,50.8,0.32,57.9,61.3,0.432,0
E205,Female,33.0,Support,Remote,7.08,8.95,3.86,3.13,4.3,13.0,4.5,2,9,43,18.5,76.3,48.4,0.32,59.9,60.4,0.589,1
E206,Female,32.0,Management,Remote,7.49,9.36,3.61,2.27,5.22,9.0,1.8,3,8,56,12.0,73.5,51.9,0.3,62.6,62.9,0.665,0
E207,Female,36.0,HR,In-office,6.36,7.18,3.53,1.25,2.53,11.0,0.2,5,7,59,17.5,84.3,65.5,0.31,49.8,48.8,0.367,0
E208,Female,30.0,Support,Hybrid,6.31,7.44,3.36,2.94,2.69,16.0,2.6,2,7,44,21.9,77.3,65.2,0.3,55.9,55.3,0.409,1
E209,Female,33.0,Support,Remote,7.48,8.37,3.01,2.9,3.7,16.0,5.1,2,16,50,15.7,83.5,58.9,0.31,67.7,69.8,0.453,0
E210,Male,35.0,Marketing,Hybrid,7.19,6.72,3.49,1.68,3.74,15.0,1.7,5,6,58,18.4,87.6,54.8,0.38,60.8,63.1,0.329,1
E211,Female,34.0,HR,In-office,6.59,8.31,2.47,2.54,3.08,8.0,0.3,4,12,37,20.7,74.7,64.9,0.42,54.1,49.5,0.442,1
E212,Female,40.0,Sales,In-office,5.72,7.69,1.83,4.07,2.9,3.0,0.8,4,15,48,11.2,79.6,57.3,0.37,52.1,51.6,0.48,0
E213,Male,36.0,Support,Remote,8.45,7.16,3.26,3.32,3.99,11.0,3.7,1,7,47,22.1,89.2,68.2,0.45,62.0,60.4,0.252,0
E214,Female,34.0,Sales,Hybrid,6.25,6.5,2.32,2.96,4.28,19.0,1.3,4,19,45,18.1,89.5,55.1,0.39,48.6,45.2,0.441,1
E215,Male,46.0,Marketing,Remote,6.58,8.18,2.26,4.06,3.79,6.0,4.1,5,4,58,15.2,77.3,64.4,0.3,62.3,64.3,0.539,0
E216,Male,45.0,IT,In-office,6.18,7.22,1.93,3.31,3.81,6.0,0.0,5,11,57,15.2,85.4,70.8,0.4,50.1,48.9,0.463,1
E217,Male,31.0,IT,Hybrid,6.48,8.63,2.67,1.93,4.29,8.0,2.4,1,15,39,22.6,74.0,63.0,0.3,57.4,57.3,0.627,1
E218,Female,37.0,Support,Remote,7.78,8.55,3.28,3.25,2.75,6.0,3.2,5,14,46,13.7,86.6,48.5,0.39,73.9,73.8,0.332,0
E219,Female,31.0,Support,Hybrid,7.98,6.6,3.0,1.05,3.38,5.0,2.1,4,5,41,16.1,77.4,48.2,0.31,55.3,57.3,0.251,0
E220,Female,25.0,Marketing,Remote,7.4,7.79,1.41,3.11,5.46,0.0,0.0,3,10,44,17.7,83.3,58.5,0.33,55.0,59.2,0.559,0
E221,Female,38.0,Marketing,Remote,7.29,6.56,2.97,2.56,5.41,10.0,3.3,3,4,52,10.2,82.5,59.6,0.4,56.9,55.6,0.437,0
E222,Male,35.0,HR,Hybrid,7.62,9.03,2.84,2.32,2.57,17.0,1.9,3,5,41,17.6,80.5,58.0,0.31,71.3,73.5,0.396,0
E223,Male,45.0,Sales,Remote,7.17,7.66,1.72,3.23,4.41,12.0,4.1,5,13,58,9.3,85.0,58.1,0.37,63.1,67.2,0.464,1
E224,Male,36.0,IT,Remote,7.53,7.29,1.88,2.06,4.62,7.0,4.4,3,15,56,10.3,83.6,54.6,0.35,60.4,59.7,0.424,0
E225,Male,40.0,IT,Hybrid,7.05,8.89,1.78,2.15,2.86,8.0,2.2,3,4,43,21.4,78.0,64.9,0.33,57.1,57.2,0.458,0
E226,Female,38.0,Support,Remote,6.68,7.93,3.23,3.0,4.71,10.0,3.1,1,5,49,14.6,79.5,64.6,0.32,58.6,60.7,0.58,1
E227,Male,35.0,HR,In-office,6.36,9.85,2.11,2.51,2.75,6.0,0.0,3,11,43,21.1,86.4,63.3,0.3,54.7,54.7,0.607,0
E228,Female,37.0,HR,Hybrid,7.92,8.32,2.85,1.63,4.84,7.0,2.2,3,16,40,18.9,66.4,58.1,0.36,50.8,48.2,0.486,0
E229,Male,36.0,IT,Hybrid,5.83,9.35,2.23,1.66,4.07,5.0,2.7,4,4,43,13.3,80.6,65.6,0.3,58.8,60.4,0.72,1
E230,Female,35.0,Support,Hybrid,7.28,7.59,2.13,2.02,2.87,10.0,2.0,1,19,41,15.8,81.9,64.7,0.39,61.4,62.2,0.314,0
E231,Female,38.0,Sales,Hybrid,7.64,8.1,1.98,2.2,4.72,11.0,0.6,3,12,38,21.6,80.5,66.6,0.34,44.6,45.0,0.492,0
E232,Male,39.0,Support,In-office,7.09,9.58,3.31,2.87,4.85,21.0,0.0,5,9,53,18.3,77.4,60.5,0.3,47.9,47.9,0.687,1
E233,Male,36.0,IT,In-office,6.14,7.76,2.42,1.44,3.16,5.0,0.0,4,19,52,18.6,89.8,71.4,0.3,44.8,45.0,0.493,1
E234,Female,29.0,HR,Hybrid,7.58,10.21,3.02,3.08,4.16,7.0,2.7,4,16,45,19.2,78.6,52.9,0.35,55.3,52.0,0.619,0
E235,Male,38.0,Marketing,In-office,7.3,7.41,2.24,0.52,2.7,7.0,0.9,5,13,47,18.5,85.3,67.3,0.3,54.9,52.0,0.316,0
E236,Male,35.0,Support,Hybrid,6.87,9.35,3.45,2.13,3.32,11.0,0.7,2,10,42,21.5,80.7,61.0,0.3,61.3,58.3,0.566,1
E237,Female,37.0,Support,Remote,7.11,8.29,2.41,2.25,4.66,5.0,4.3,5,16,55,14.8,84.4,73.1,0.3,64.6,64.4,0.57,0
E238,Female,48.0,HR,In-office,7.02,9.05,2.34,1.69,1.69,3.0,0.9,3,13,46,15.7,79.1,60.0,0.3,61.3,63.7,0.385,0
E239,Female,36.0,Management,Remote,7.11,6.97,4.32,3.59,4.72,10.0,2.9,3,19,49,13.0,86.2,51.8,0.37,58.8,60.2,0.44,0
E240,Male,34.0,Sales,Hybrid,6.56,8.31,2.45,1.04,1.99,12.0,0.6,3,17,39,22.1,76.1,67.2,0.3,56.9,59.6,0.396,1
E241,Male,42.0,IT,In-office,7.02,8.45,1.8,2.93,2.21,14.0,0.5,3,18,50,19.2,84.8,56.6,0.3,66.4,63.2,0.381,0
E242,Male,43.0,Support,Remote,7.59,6.65,2.36,3.17,5.62,8.0,4.1,5,5,57,15.8,84.2,58.6,0.39,53.2,51.1,0.437,1
E243,Male,40.0,IT,In-office,6.12,7.25,2.26,1.85,4.24,12.0,1.1,5,19,43,16.5,81.6,66.5,0.3,53.5,51.9,0.546,1
E244,Female,39.0,Support,Hybrid,6.65,8.89,3.51,1.95,3.02,5.0,0.0,3,19,53,19.0,78.3,52.2,0.3,52.2,55.2,0.523,1
E245,Male,44.0,Sales,In-office,6.93,8.61,1.56,3.09,2.73,3.0,0.2,2,12,43,20.8,77.8,53.7,0.37,58.0,59.6,0.421,0
E246,Male,37.0,HR,In-office,5.83,9.9,2.86,3.21,1.26,12.0,0.7,5,17,39,14.4,66.6,75.1,0.3,59.1,55.3,0.536,1
E247,Male,36.0,Sales,In-office,6.6,8.83,2.73,3.35,2.16,14.0,0.0,2,14,49,20.5,82.1,66.9,0.36,51.7,48.6,0.426,1
E248,Male,45.0,Sales,Remote,7.14,7.63,2.91,3.5,4.29,9.0,2.5,3,6,49,12.6,84.8,68.8,0.36,61.8,57.5,0.458,1
E249,Male,27.0,Management,Hybrid,6.82,6.13,3.66,2.61,3.66,13.0,2.6,2,10,49,13.8,79.4,76.4,0.39,45.7,48.8,0.309,0
E250,Female,33.0,Sales,Remote,8.24,7.46,2.74,1.16,4.14,17.0,4.4,4,18,57,11.2,84.2,66.8,0.39,53.2,55.5,0.318,0
E251,Male,37.0,Management,In-office,7.1,7.69,3.86,3.2,3.1,9.0,1.3,5,6,49,18.4,73.7,58.3,0.36,60.6,59.4,0.366,0
E252,Female,34.0,HR,Hybrid,6.96,9.46,3.32,1.94,2.85,10.0,3.5,4,6,40,17.6,78.2,62.2,0.3,69.0,67.5,0.525,1
E253,Male,29.0,IT,Remote,6.99,9.97,2.64,3.15,3.18,5.0,2.9,3,12,53,15.0,78.3,53.2,0.3,64.9,63.7,0.592,1
E254,Male,34.0,IT,In-office,6.77,8.69,2.14,1.75,2.58,6.0,0.6,3,18,42,15.0,70.7,64.1,0.33,56.0,56.4,0.445,1
E255,Female,42.0,IT,Hybrid,7.42,9.45,1.79,2.73,3.89,9.0,0.4,1,7,38,23.1,79.3,62.7,0.3,65.2,67.6,0.569,1
E256,Male,27.0,Management,Hybrid,7.51,9.12,2.63,2.97,2.83,5.0,2.4,2,12,37,12.3,74.7,61.6,0.46,58.2,57.2,0.382,1
E257,Female,22.0,Marketing,In-office,6.95,6.73,2.78,1.98,2.72,12.0,0.9,3,18,51,18.3,74.0,68.2,0.43,59.5,61.0,0.26,0
E258,Male,38.0,Management,Remote,6.6,8.57,2.67,4.08,5.26,11.0,3.3,3,16,45,18.6,86.9,57.4,0.39,49.7,50.2,0.658,1
E259,Male,36.0,HR,In-office,7.01,6.26,2.52,3.01,1.63,11.0,0.3,2,11,52,22.6,67.6,74.2,0.46,56.1,59.2,0.161,0
E260,Female,31.0,Support,Hybrid,7.76,9.47,3.37,2.82,2.8,14.0,1.4,4,17,51,16.5,78.4,68.4,0.35,69.6,67.8,0.423,0
E261,Male,27.0,IT,In-office,7.63,7.24,2.02,1.64,2.7,8.0,0.5,4,6,54,17.7,80.1,61.2,0.44,52.5,53.8,0.237,0
E262,Male,34.0,HR,Remote,8.07,6.69,2.35,3.73,2.11,10.0,4.2,2,11,46,15.8,86.0,55.7,0.49,74.9,75.8,0.14,0
E263,Female,33.0,IT,In-office,6.85,6.22,2.19,2.01,2.73,5.0,0.0,3,13,46,17.5,80.9,63.7,0.41,50.6,47.7,0.242,0
E264,Female,44.0,IT,Remote,7.33,7.58,2.33,2.52,3.99,16.0,3.0,3,13,55,15.5,81.5,59.1,0.38,58.4,54.6,0.402,0
E265,Female,33.0,IT,Remote,7.38,8.63,2.11,3.15,3.81,12.0,4.1,3,8,46,14.9,82.9,54.6,0.39,68.7,69.2,0.464,0
E266,Female,35.0,Sales,Remote,8.56,9.22,2.27,1.51,5.72,10.0,2.3,3,18,46,12.6,77.0,56.6,0.3,64.7,63.6,0.595,0
E267,Female,36.0,Management,In-office,6.26,6.76,4.51,2.46,1.81,9.0,0.7,4,17,44,13.7,76.2,51.8,0.3,56.1,57.3,0.292,0
E268,Male,38.0,HR,Remote,7.14,8.19,3.05,3.26,4.86,5.0,3.3,2,14,54,14.2,82.4,57.4,0.3,61.0,62.0,0.576,0
E269,Female,38.0,Sales,In-office,6.29,8.79,1.74,2.34,1.7,13.0,0.0,5,8,41,12.6,76.3,55.4,0.3,60.6,63.8,0.436,0
E270,Female,39.0,Sales,Remote,6.83,8.87,2.26,2.76,5.3,13.0,4.1,2,9,49,20.6,80.9,58.8,0.3,51.5,51.4,0.693,1
E271,Female,37.0,Marketing,In-office,6.44,8.42,1.44,2.57,1.96,9.0,2.2,3,9,44,21.3,77.6,71.8,0.32,61.3,59.9,0.406,0
E272,Female,41.0,HR,In-office,6.69,8.06,2.93,2.59,3.84,10.0,2.9,2,7,39,14.5,73.4,57.2,0.3,54.6,58.4,0.522,0
E273,Male,42.0,Support,Hybrid,6.22,7.93,2.66,2.99,3.16,9.0,0.9,4,4,43,12.2,82.9,59.6,0.35,59.1,62.9,0.48,1
E274,Female,39.0,Management,Remote,7.25,6.81,3.41,2.49,3.31,11.0,3.0,5,9,55,16.7,94.9,62.1,0.37,63.6,63.3,0.301,1
E275,Female,32.0,Support,Remote,7.47,8.09,2.86,2.08,4.5,11.0,3.2,4,17,47,15.3,75.5,56.2,0.3,69.2,67.4,0.504,0
E276,Male,38.0,Support,In-office,5.93,8.63,2.96,2.91,2.15,7.0,0.8,4,9,47,20.8,85.3,66.4,0.3,50.6,52.6,0.498,1
E277,Female,33.0,Management,Remote,7.54,6.51,4.36,3.84,4.91,7.0,1.9,1,10,52,17.7,80.9,61.8,0.43,62.0,64.1,0.357,1
E278,Male,49.0,Support,Remote,7.52,9.61,3.54,3.65,5.8,13.0,1.5,5,13,48,11.3,78.5,54.4,0.3,56.9,52.2,0.723,1
E279,Female,28.0,IT,Hybrid,7.64,8.13,1.99,2.23,5.23,15.0,1.8,3,5,43,17.6,79.3,51.3,0.34,50.5,50.7,0.539,1
E280,Male,45.0,IT,Hybrid,7.1,8.99,1.24,1.76,3.49,17.0,1.2,5,16,42,20.6,87.8,70.9,0.3,65.0,60.2,0.528,0
E281,Male,43.0,Support,In-office,6.48,7.81,3.93,2.13,3.08,9.0,0.7,3,8,45,16.6,86.9,63.3,0.3,58.4,56.7,0.456,0
E282,Male,36.0,Support,Hybrid,6.85,9.33,2.98,2.94,4.37,8.0,1.7,2,14,50,27.7,81.0,66.7,0.32,57.9,55.4,0.646,1
E283,Male,45.0,Support,Remote,7.81,7.09,3.26,2.58,3.9,10.0,3.2,5,7,62,13.8,79.3,65.7,0.44,63.5,64.0,0.295,0
E284,Female,47.0,IT,Remote,7.97,8.3,2.18,2.98,5.49,9.0,4.4,2,6,46,12.0,75.0,55.4,0.36,64.9,59.0,0.536,1
E285,Male,39.0,Sales,Hybrid,6.99,5.0,2.62,2.23,2.21,15.0,1.7,4,12,46,17.7,73.6,64.5,0.5,61.8,63.1,0.128,0
E286,Male,51.0,Management,Hybrid,6.73,9.41,4.4,2.62,4.97,15.0,2.2,5,18,44,17.6,77.8,65.5,0.3,52.9,53.1,0.715,1
E287,Male,43.0,Sales,Remote,7.44,9.01,3.14,3.79,4.36,11.0,3.0,1,13,37,14.3,82.1,56.8,0.32,61.2,60.4,0.564,0
E288,Male,26.0,Management,In-office,5.7,8.97,3.22,2.25,2.13,20.0,0.0,5,11,52,12.8,79.6,50.4,0.33,60.1,62.3,0.536,0
E289,Male,30.0,HR,Hybrid,6.38,7.22,3.04,2.81,2.43,8.0,3.5,2,10,47,17.8,83.2,73.2,0.3,51.7,56.4,0.363,1
E290,Female,40.0,Sales,In-office,6.99,8.3,2.61,2.64,1.99,9.0,0.2,1,14,40,18.6,85.9,54.6,0.3,59.3,54.8,0.354,0
E291,Female,36.0,IT,In-office,7.71,8.24,2.51,2.65,0.6,0.0,0.0,4,4,47,17.4,69.4,60.4,0.43,60.3,63.1,0.17,0
E292,Female,41.0,Management,In-office,7.07,7.95,3.14,2.09,1.52,4.0,0.0,2,15,49,17.4,81.7,62.7,0.36,67.1,70.8,0.268,0
E293,Female,36.0,Support,Hybrid,7.59,6.3,2.05,1.61,2.87,7.0,1.5,2,5,45,17.4,79.4,68.9,0.36,53.9,52.1,0.216,0
E294,Male,33.0,Management,Remote,8.67,9.27,3.95,0.98,4.33,3.0,1.3,5,16,51,12.6,82.9,60.4,0.42,71.1,71.1,0.423,0
E295,Male,42.0,IT,Remote,7.9,6.48,1.94,2.87,2.91,10.0,1.5,1,5,44,17.6,76.0,64.7,0.48,67.9,65.7,0.18,0
E296,Male,41.0,Support,Remote,8.26,5.0,2.75,3.71,3.78,16.0,2.7,3,4,48,11.5,78.6,58.9,0.47,65.3,65.9,0.138,0
E297,Female,40.0,Management,Hybrid,7.14,7.56,3.76,1.79,4.82,7.0,4.5,4,17,48,16.0,78.1,61.1,0.31,60.9,61.9,0.517,0
E298,Female,37.0,Marketing,In-office,7.16,8.65,1.98,2.31,3.15,18.0,1.8,1,6,39,19.3,76.2,60.1,0.36,47.9,45.0,0.442,0
E299,Male,45.0,HR,Hybrid,7.17,7.49,2.08,1.4,2.86,6.0,2.0,4,14,52,18.5,72.8,64.1,0.35,56.8,56.7,0.329,0
E300,Female,39.0,IT,Remote,7.39,9.9,2.24,3.46,3.62,11.0,2.4,4,19,53,14.9,83.8,70.0,0.3,56.1,57.7,0.585,1
E301,Male,39.0,HR,Remote,6.91,9.18,2.71,4.18,4.37,7.0,1.7,4,11,52,10.1,83.1,59.8,0.32,69.2,65.1,0.629,0
E302,Female,58.0,Support,Hybrid,8.17,8.22,3.31,2.94,3.92,10.0,3.2,3,7,35,17.8,72.5,44.7,0.33,62.2,61.1,0.385,0
E303,Male,23.0,Marketing,Hybrid,8.47,10.14,2.11,3.12,5.22,8.0,2.0,2,11,49,18.4,82.0,66.7,0.3,59.2,59.9,0.635,1
E304,Male,29.0,Sales,In-office,6.67,8.41,2.54,3.65,3.86,11.0,0.0,4,4,48,16.4,92.2,66.7,0.37,52.0,53.4,0.529,1
E305,Male,22.0,HR,Remote,6.19,8.27,2.35,2.99,3.67,14.0,3.1,4,19,55,16.5,88.3,76.2,0.37,53.2,58.5,0.548,0
E306,Male,38.0,Marketing,Remote,7.01,7.64,2.62,2.91,3.97,15.0,3.2,2,14,51,15.5,82.5,57.4,0.44,55.0,55.0,0.415,1
E307,Male,25.0,Marketing,Hybrid,7.12,6.6,2.61,3.21,5.41,13.0,3.7,2,6,45,14.6,77.9,58.6,0.33,50.9,52.9,0.483,0
E308,Female,36.0,Management,Remote,8.34,9.56,4.19,3.24,4.68,17.0,2.5,1,9,46,17.1,84.8,60.8,0.35,74.1,74.4,0.537,1
E309,Male,47.0,Sales,Hybrid,7.02,6.45,2.69,3.06,3.49,12.0,0.5,2,11,43,16.3,75.5,59.8,0.4,58.5,58.3,0.299,0
E310,Female,44.0,Sales,Hybrid,7.09,8.62,2.42,3.8,1.45,10.0,2.7,4,10,53,15.7,82.6,61.9,0.53,69.2,73.0,0.256,0
E311,Male,34.0,HR,Remote,8.06,6.35,3.31,2.86,3.2,4.0,2.4,5,4,47,10.4,78.5,56.5,0.38,63.2,58.9,0.202,0
E312,Female,34.0,IT,In-office,6.37,8.81,1.95,2.08,2.14,13.0,0.2,1,17,53,19.3,79.4,62.5,0.3,59.8,59.2,0.468,0
E313,Female,37.0,HR,Hybrid,7.09,7.55,2.66,2.01,2.11,12.0,3.2,3,7,47,21.3,84.5,63.6,0.36,71.4,70.2,0.281,0
E314,Male,44.0,Marketing,In-office,6.77,7.1,2.05,2.35,2.74,16.0,1.1,5,18,53,15.7,79.7,67.7,0.3,62.3,60.3,0.343,0
E315,Female,39.0,Support,Remote,8.35,7.75,3.08,3.63,3.62,2.0,2.0,3,12,48,13.3,75.6,50.0,0.38,69.5,70.7,0.294,0
E316,Male,42.0,HR,Remote,7.63,8.25,1.92,1.95,4.12,9.0,3.3,5,18,48,14.7,80.1,54.3,0.36,64.4,65.3,0.446,0
E317,Male,45.0,IT,In-office,7.09,8.19,1.75,2.79,2.54,13.0,0.0,3,8,46,14.4,78.1,65.0,0.3,54.0,57.0,0.381,1
E318,Male,32.0,IT,Remote,7.04,8.76,1.98,4.59,3.95,11.0,3.1,5,7,53,13.8,82.0,61.7,0.33,69.3,72.7,0.544,0
E319,Female,42.0,Management,Remote,7.15,8.17,3.93,2.6,3.54,7.0,2.4,4,19,50,20.2,78.8,66.6,0.32,67.0,63.7,0.452,0
E320,Female,43.0,Support,Remote,6.97,9.43,3.24,3.26,3.44,15.0,2.5,1,15,49,16.2,84.8,65.1,0.33,63.3,64.1,0.562,0
E321,Female,36.0,HR,Hybrid,6.49,8.71,2.31,0.9,3.65,6.0,1.1,4,11,46,13.9,71.9,52.8,0.3,69.9,69.8,0.579,1
E322,Female,46.0,Support,In-office,7.04,8.07,2.83,2.09,3.66,7.0,0.0,4,13,44,16.5,90.9,68.5,0.3,58.7,60.3,0.472,1
E323,Female,38.0,HR,In-office,7.13,7.84,2.52,1.96,2.0,8.0,0.3,1,10,44,16.3,77.8,63.3,0.37,57.7,57.8,0.287,0
E324,Female,40.0,Sales,Hybrid,6.12,6.35,2.75,2.51,4.03,18.0,2.4,5,9,41,15.5,69.5,62.2,0.42,45.0,45.0,0.409,0
E325,Female,38.0,Marketing,Hybrid,7.81,10.2,2.35,2.23,4.01,6.0,2.7,5,17,47,16.7,79.0,66.9,0.42,49.3,49.2,0.558,1
E326,Male,41.0,HR,Remote,6.62,9.4,2.4,3.23,5.22,6.0,5.8,2,4,46,15.4,82.8,52.2,0.31,56.5,60.1,0.737,0
E327,Female,34.0,IT,Hybrid,7.39,6.92,2.01,2.3,2.95,0.0,0.0,3,11,45,24.4,80.0,64.2,0.36,65.4,67.0,0.274,0
E328,Male,31.0,Management,In-office,6.68,10.26,5.51,2.6,2.98,11.0,0.0,1,4,39,23.2,88.9,71.7,0.32,56.7,57.3,0.621,1
E329,Female,37.0,Management,In-office,7.07,7.51,3.25,2.62,3.06,6.0,0.0,1,13,44,19.8,80.4,67.7,0.43,67.4,72.9,0.328,0
E330,Male,34.0,IT,In-office,6.31,6.94,2.41,1.63,4.28,7.0,0.1,4,16,46,13.4,88.5,57.4,0.3,49.2,48.2,0.505,0
E331,Female,34.0,Support,In-office,7.18,9.5,2.76,3.74,2.29,15.0,0.0,3,19,49,15.9,73.6,59.7,0.3,67.4,69.4,0.457,1
E332,Male,40.0,Sales,In-office,7.03,9.08,2.98,1.29,3.59,4.0,0.0,5,15,55,7.7,77.5,53.0,0.3,53.0,52.8,0.551,0
E333,Male,43.0,Support,Hybrid,7.29,7.6,3.18,2.61,4.82,15.0,2.3,1,17,36,18.8,67.3,58.3,0.4,55.3,53.3,0.472,0
E334,Female,40.0,HR,In-office,6.65,8.88,2.56,2.62,2.33,9.0,1.3,5,16,43,19.1,85.3,61.5,0.32,61.1,53.4,0.455,0
E335,Male,30.0,Management,Hybrid,6.95,9.14,4.17,4.74,2.37,11.0,2.4,3,14,40,18.2,78.2,63.9,0.3,55.4,55.8,0.457,1
E336,Male,38.0,Marketing,Remote,7.0,7.03,2.03,2.95,3.95,9.0,3.5,1,15,44,24.3,81.6,62.4,0.46,59.2,59.7,0.359,1
E337,Female,44.0,Sales,Hybrid,5.77,6.49,2.37,3.03,3.96,4.0,2.2,4,18,39,19.0,88.4,50.5,0.3,44.5,45.0,0.494,1
E338,Male,40.0,Management,Remote,6.89,7.88,4.53,1.57,4.0,7.0,2.4,3,15,51,17.0,82.7,64.4,0.3,61.3,60.7,0.501,0
E339,Male,38.0,Marketing,Hybrid,7.66,8.68,1.92,2.23,2.23,7.0,2.4,3,15,44,20.7,80.9,60.7,0.37,67.0,64.0,0.318,0
E340,Male,36.0,IT,In-office,7.34,7.68,2.52,2.6,2.01,10.0,0.0,4,9,42,14.8,84.4,67.3,0.46,51.3,50.7,0.235,0
E341,Male,44.0,Sales,Hybrid,6.46,9.52,1.94,2.73,1.76,9.0,1.2,3,14,39,17.2,81.4,77.8,0.3,62.8,61.5,0.485,0
E342,Male,35.0,IT,In-office,5.98,7.56,2.59,2.73,3.44,11.0,0.4,3,19,39,21.5,77.9,68.4,0.3,45.6,47.8,0.516,1
E343,Male,35.0,HR,In-office,5.97,9.09,2.84,2.98,1.91,17.0,1.2,5,12,53,17.0,77.4,67.9,0.3,66.8,64.5,0.511,1
E344,Female,41.0,HR,Hybrid,7.05,7.88,2.41,1.87,2.43,6.0,1.4,2,17,44,14.5,83.4,61.0,0.33,63.0,61.9,0.342,0
E345,Female,46.0,Support,Remote,6.14,7.06,2.72,3.05,3.91,13.0,1.6,1,17,49,16.7,72.5,64.8,0.34,49.6,52.0,0.485,0
E346,Male,30.0,IT,In-office,7.54,9.36,1.59,3.18,2.85,12.0,2.3,5,7,56,13.0,84.0,50.7,0.36,55.7,53.9,0.437,1
E347,Male,40.0,HR,In-office,6.3,9.53,2.3,3.45,3.54,12.0,1.1,5,16,46,14.4,82.9,49.0,0.34,57.9,55.8,0.639,1
E348,Female,45.0,HR,Hybrid,6.72,8.02,3.19,2.9,5.44,14.0,2.5,2,13,42,22.5,85.0,50.5,0.3,56.2,53.4,0.651,1
E349,Female,32.0,Sales,Remote,7.48,7.06,2.23,3.67,4.76,14.0,2.5,2,15,51,14.6,77.7,55.0,0.4,67.0,66.4,0.404,0
E350,Female,34.0,Management,In-office,8.02,10.5,3.76,3.68,1.1,4.0,1.8,2,12,41,21.4,82.6,63.7,0.3,73.2,72.0,0.357,1
E351,Female,40.0,Management,In-office,7.39,8.09,3.28,1.74,1.37,13.0,1.7,2,13,47,21.2,75.5,65.7,0.38,64.9,64.3,0.237,0
E352,Female,36.0,Management,In-office,6.85,8.45,3.13,4.08,1.89,3.0,0.8,5,14,47,14.3,80.8,65.4,0.43,65.5,67.1,0.327,0
E353,Female,30.0,Sales,In-office,7.28,8.71,2.06,2.92,2.87,12.0,0.7,3,12,46,11.8,79.0,65.9,0.4,63.2,65.3,0.396,1
E354,Female,30.0,HR,Hybrid,7.97,11.36,3.11,2.64,2.94,16.0,3.0,4,4,45,16.2,81.8,66.3,0.3,69.4,67.1,0.589,1
E355,Female,35.0,Management,In-office,6.2,7.32,4.03,1.4,3.47,7.0,1.5,3,11,40,14.7,87.5,60.4,0.31,62.2,60.3,0.473,0
E356,Female,37.0,Support,Hybrid,7.28,7.63,2.49,2.56,2.76,10.0,2.2,2,7,46,20.2,73.8,60.6,0.46,62.5,61.3,0.287,0
E357,Male,38.0,HR,In-office,6.93,8.32,2.73,1.8,0.0,12.0,0.0,4,18,52,13.3,79.2,73.7,0.4,64.9,64.9,0.195,0
E358,Male,34.0,HR,Hybrid,7.37,6.81,1.85,1.77,2.37,14.0,1.2,2,19,40,21.0,80.0,54.6,0.43,57.8,59.6,0.212,0
E359,Female,29.0,IT,Hybrid,7.04,6.46,2.76,1.46,3.88,23.0,3.7,2,16,47,21.0,88.3,66.3,0.36,58.0,63.3,0.34,0
E360,Male,32.0,IT,Hybrid,6.81,7.87,2.6,2.52,4.65,9.0,2.5,2,16,48,18.8,72.9,56.2,0.3,59.2,54.7,0.565,1
E361,Male,42.0,Management,Remote,6.46,6.76,3.38,3.89,3.77,13.0,3.5,3,19,54,23.2,81.5,51.8,0.38,57.9,59.8,0.402,1
E362,Male,37.0,Support,Hybrid,6.87,5.99,3.94,1.52,4.45,13.0,1.2,2,15,51,21.6,75.1,51.1,0.3,50.5,53.1,0.387,0
E363,Male,29.0,IT,In-office,6.9,8.95,1.56,3.51,2.34,14.0,2.0,1,6,40,18.5,87.0,60.0,0.45,62.6,61.0,0.39,1
E364,Male,40.0,HR,Remote,7.01,9.36,2.36,4.15,2.51,11.0,4.0,4,13,54,17.4,82.2,65.3,0.3,69.0,72.5,0.482,0
E365,Female,33.0,Support,Remote,7.9,7.22,3.26,2.59,4.2,10.0,3.1,3,16,43,14.9,78.8,58.0,0.38,58.3,58.9,0.338,0
E366,Female,39.0,IT,In-office,7.12,7.87,0.98,2.78,1.74,12.0,0.0,1,19,41,22.6,89.0,62.0,0.4,72.0,74.4,0.263,0
E367,Female,36.0,Sales,In-office,6.86,6.43,2.34,3.51,2.15,10.0,1.7,1,10,42,19.2,82.2,63.3,0.46,61.5,59.8,0.205,0
E368,Male,33.0,IT,In-office,6.28,8.23,1.64,2.06,2.3,9.0,0.0,3,18,40,21.8,83.9,67.2,0.43,64.2,61.7,0.395,1
E369,Female,43.0,Sales,Hybrid,6.54,6.49,2.74,1.44,2.03,13.0,1.9,1,18,39,16.6,93.2,61.3,0.3,65.0,64.2,0.267,0
E370,Female,40.0,Marketing,In-office,7.3,7.58,2.21,1.29,3.99,13.0,0.0,4,18,49,12.1,86.7,62.4,0.36,48.5,50.3,0.413,1
E371,Male,47.0,Management,Remote,6.56,7.85,3.36,3.65,4.1,12.0,2.3,2,12,52,8.5,78.2,76.1,0.32,61.9,59.5,0.533,0
E372,Female,35.0,Support,In-office,6.83,6.54,2.44,2.74,1.29,18.0,0.0,1,11,41,17.3,82.6,53.6,0.47,58.0,55.8,0.165,0
E373,Female,35.0,Support,In-office,6.54,7.68,1.82,2.5,2.6,0.0,0.0,1,10,38,16.0,75.8,49.9,0.35,59.4,61.0,0.38,1
E374,Male,43.0,HR,In-office,6.44,9.58,2.94,2.01,3.8,4.0,0.0,1,9,35,16.7,85.6,61.5,0.3,50.7,50.9,0.664,0
E375,Male,39.0,Management,In-office,7.01,8.09,4.55,2.19,1.86,10.0,2.0,3,4,47,16.6,85.2,64.0,0.35,67.9,67.0,0.31,0
E376,Male,37.0,HR,Hybrid,7.52,6.42,1.39,1.27,4.09,6.0,4.0,2,10,34,20.7,69.4,60.7,0.3,55.7,61.4,0.331,0
E377,Female,41.0,IT,Remote,6.45,10.15,2.31,2.68,5.15,10.0,2.0,3,9,41,15.8,70.1,40.0,0.3,55.5,59.7,0.792,0
E378,Female,32.0,Marketing,Hybrid,5.85,8.14,2.61,2.13,2.97,10.0,2.4,2,9,45,17.8,81.0,60.0,0.3,60.4,56.0,0.536,1
E379,Male,43.0,Support,Remote,7.74,5.42,2.91,1.67,3.9,19.0,4.7,5,7,47,13.4,79.7,61.8,0.3,70.2,68.4,0.233,0
E380,Male,50.0,Sales,Hybrid,7.28,6.01,2.7,2.26,4.36,2.0,1.9,5,8,50,15.1,78.5,54.0,0.41,56.7,56.6,0.307,1
E381,Female,34.0,Marketing,Hybrid,6.74,9.16,2.3,2.93,3.74,7.0,3.2,5,15,48,17.6,87.7,59.3,0.3,53.8,49.5,0.599,0
E382,Female,29.0,IT,Remote,5.97,8.88,2.38,3.96,4.97,8.0,1.9,3,10,46,18.5,82.7,57.1,0.3,55.8,58.0,0.74,1
E383,Female,30.0,HR,Hybrid,7.27,7.92,2.58,2.62,2.14,6.0,1.6,4,10,44,24.0,75.3,69.9,0.41,63.2,63.1,0.279,0
E384,Female,42.0,IT,Remote,7.78,9.18,2.64,5.06,5.01,12.0,2.5,3,14,53,17.1,74.5,66.3,0.37,62.9,60.8,0.582,0
E385,Male,31.0,Sales,Hybrid,6.63,6.4,2.41,1.35,5.36,14.0,2.1,4,11,46,23.3,86.5,52.9,0.32,50.3,47.9,0.515,0
E386,Male,46.0,Sales,Hybrid,8.05,8.01,3.24,2.97,2.98,16.0,2.7,2,14,45,17.1,84.2,65.3,0.39,63.2,65.0,0.287,0
E387,Female,37.0,Marketing,Remote,7.48,7.59,2.67,2.73,3.71,10.0,2.3,5,17,57,13.4,94.3,63.0,0.44,66.7,60.4,0.345,1
E388,Male,45.0,Marketing,Hybrid,6.08,8.4,1.66,2.36,1.45,9.0,2.1,2,8,50,20.2,78.1,57.7,0.3,69.6,70.1,0.403,0
E389,Male,34.0,Marketing,Remote,8.32,6.85,2.4,2.15,4.76,12.0,1.8,4,7,56,15.7,83.4,53.3,0.44,60.4,61.4,0.298,0
E390,Female,39.0,IT,Remote,6.29,9.07,1.9,2.31,3.17,11.0,1.3,5,6,51,8.9,84.1,50.9,0.31,64.6,59.5,0.583,1
E391,Male,44.0,Sales,In-office,6.55,7.09,2.03,1.88,3.22,9.0,0.6,4,16,48,19.6,77.5,70.5,0.42,55.5,53.6,0.36,0
E392,Male,40.0,Sales,Remote,7.25,6.03,1.47,2.6,4.44,13.0,1.4,4,15,51,11.8,85.8,52.2,0.38,70.6,70.3,0.327,0
E393,Female,43.0,Management,Hybrid,6.74,8.39,3.78,1.53,2.3,8.0,1.5,1,15,49,16.8,81.2,62.6,0.3,61.6,63.3,0.411,0
E394,Female,34.0,Sales,In-office,8.0,9.93,2.33,2.58,2.74,5.0,0.4,5,19,56,21.8,79.8,52.6,0.3,51.6,52.6,0.451,1
E395,Female,48.0,Support,In-office,6.49,6.92,3.49,3.14,2.1,6.0,0.9,1,7,35,12.4,77.2,55.0,0.35,57.2,52.5,0.29,0
E396,Male,28.0,HR,Hybrid,8.18,6.64,2.42,1.55,2.66,0.0,0.0,2,7,37,13.2,81.0,65.0,0.46,61.7,59.6,0.163,0
E397,Female,46.0,HR,In-office,7.01,7.84,1.64,2.72,2.84,5.0,0.8,2,11,41,19.0,82.6,62.6,0.37,49.0,50.5,0.362,0
E398,Male,34.0,Sales,Remote,6.06,6.97,1.6,1.93,4.28,12.0,3.6,5,10,48,7.0,79.3,65.0,0.32,52.8,54.8,0.525,0
E399,Female,45.0,IT,In-office,6.27,7.78,2.27,1.68,3.02,15.0,0.2,2,6,38,21.0,83.5,47.1,0.3,58.6,57.8,0.469,0
E400,Female,50.0,Support,In-office,7.09,8.65,2.64,1.83,3.19,9.0,1.7,3,8,32,20.4,76.6,73.9,0.3,65.6,61.8,0.474,0
